company_name,company_domain,ceo_name,founder_name,contact_email,linkedin_contact,number_of_employees,share_price_current,share_price_5y_ago
Cunningham-Ramirez,Education,Melinda Marshall,Amy Torres,jonesaustin@johnson-hopkins.net,https://www.linkedin.com/in/juliaatkinson,1298,232.36,159.93
Chen LLC,Finance,Gary Davis,Wayne Lewis,calvin77@smith.com,https://www.linkedin.com/in/robert43,846,479.35,511.39
Porter-Frey,Human Resources,Tanya Rogers,Linda Harris,andrewhernandez@wilson-brown.com,https://www.linkedin.com/in/rachael71,4130,291.15,292.14
Campos-Kim,Artificial Intelligence,Joseph Roth,Melissa York,timothyyoung@garza.com,https://www.linkedin.com/in/kempchristopher,5913,483.5,658.62
"Thompson, Harris and Turner",Education,Sandra Beard,Brandy Patton,wcruz@larsen.org,https://www.linkedin.com/in/barellano,5031,359.34,312.1
"Hudson, Medina and Jones",Finance,Robin Thomas,Isaiah Martinez,lynnklein@brown.biz,https://www.linkedin.com/in/jodi31,7844,370.03,456.66
"Sosa, Walker and Johnson",Information Technology,Joy Richards,Brian Mcfarland,thomasbarrera@kline-adams.info,https://www.linkedin.com/in/manningsherri,5873,87.59,115.7
"Simpson, Nielsen and Gray",Finance,Kelli Parsons,Sarah Smith,lramos@rollins.com,https://www.linkedin.com/in/rebecca79,9734,463.08,429.82
"Martinez, Stephens and Lopez",Human Resources,Jeffrey Thompson,Eric Leblanc,penny24@berry.com,https://www.linkedin.com/in/sheltonkyle,2587,28.85,35.93
Roth Ltd,Administration,Joshua Harrison,Richard Brown,margaretwiley@bass.net,https://www.linkedin.com/in/justin85,6950,271.16,160.64
Copeland-Mcdaniel,Information Technology,Jenny Pennington,Allison Morgan,elizabethmarshall@wilson.com,https://www.linkedin.com/in/andrew46,5341,431.14,604.47
"Maxwell, Cox and Wright",Automotive,Samantha Davis,Debra Haley,williamward@pratt.info,https://www.linkedin.com/in/zachary40,6365,494.8,633.2
Garza Group,Finance,Nicole Guzman,Lisa Williams,petersemily@macias-wilkins.org,https://www.linkedin.com/in/millereduardo,7684,263.29,214.32
Hicks-Christian,Retail,Zachary Wilson,Sara Le,roger68@rice.biz,https://www.linkedin.com/in/emily22,559,75.88,40.98
Adams-Frazier,Information Technology,Joan Snyder,Zachary Evans,maryhoffman@rosario.biz,https://www.linkedin.com/in/jacobhartman,5687,372.9,229.36
"Leblanc, Gillespie and Clark",Artificial Intelligence,Manuel Brooks,Rebecca Shaw,xavier79@perkins.info,https://www.linkedin.com/in/vmiller,7661,437.57,616.57
Martinez-Taylor,Manufacturing,Donna Day,Elaine Hull,laurie61@mcdowell.com,https://www.linkedin.com/in/cgarza,7059,43.96,28.76
Anderson Group,Artificial Intelligence,Michele Ramirez,Scott George,lisaallen@boyd.com,https://www.linkedin.com/in/dianesimmons,9619,141.46,152.99
West LLC,Education,William Johnson,Jaime Ibarra,sharon27@powell-weber.com,https://www.linkedin.com/in/watsonjames,5902,246.31,276.55
Lester-Dillon,Human Resources,Monica Thomas,Ryan Mcclain,migueljohnson@allen-martin.org,https://www.linkedin.com/in/lawrenceanne,3136,223.95,231.62
"Barnes, Hart and Hawkins",Human Resources,Paula Abbott,Jeremy Robinson,piercechelsea@gonzalez.com,https://www.linkedin.com/in/ochoajames,9459,410.66,567.75
Rodriguez-Adams,Retail,Benjamin Weaver,Terri Sparks,pmurray@wong.com,https://www.linkedin.com/in/rogerstyler,9160,330.09,396.35
Morrow LLC,Healthcare,Kelly Johnson,Karen Stephens,hillamber@martin-mayer.net,https://www.linkedin.com/in/hroman,8219,252.77,285.99
Diaz LLC,Information Technology,Nicholas Carter,Amber Ross,rebecca46@bell-ball.org,https://www.linkedin.com/in/warnersara,4521,405.28,258.13
Kelly-Torres,Retail,Todd Perez,Christopher Armstrong,jocelynlambert@richardson.biz,https://www.linkedin.com/in/derrick63,1939,319.06,422.84
Johnson LLC,Manufacturing,Joseph Garcia,Bryce Henderson,lisa87@patterson.net,https://www.linkedin.com/in/nicholas38,8550,99.76,100.81
Johns LLC,Human Resources,Robin Holland,Diamond Bruce,nbowman@nichols-flores.com,https://www.linkedin.com/in/kathryn67,6755,496.83,621.93
Barry-Vincent,Education,Andrew Brown,Gary Simon,wscott@cline-jackson.com,https://www.linkedin.com/in/jack50,1801,350.97,212.15
Williams-Burton,Artificial Intelligence,Jack Pace,Andrea Morrison,joy01@thomas.com,https://www.linkedin.com/in/oromero,3988,318.06,311.41
"Chung, Clark and Cline",Finance,Melanie Gibson,Philip Chung,mrandall@hernandez-baker.com,https://www.linkedin.com/in/anthony82,5145,452.06,350.9
Mckee-Mccarthy,Retail,Mary Durham,Kevin Perez,cannonbrian@sosa.com,https://www.linkedin.com/in/johnsonnorman,4795,21.15,24.08
Garcia Inc,Manufacturing,Erin Raymond,Joy Fields,michele11@williams.com,https://www.linkedin.com/in/mleon,765,289.32,324.23
Chandler-Miller,Finance,Mary White,Kelly Krause,riverajill@garcia.info,https://www.linkedin.com/in/john39,4561,370.87,520.33
"Baker, Collins and Alexander",Information Technology,Walter Stout,Haley Payne,vvelasquez@murray-sheppard.info,https://www.linkedin.com/in/rhenry,9603,93.3,114.61
"Hendricks, Soto and Rivera",Administration,Brandon Ramirez,Mr. Thomas Washington IV,chelseywhite@wilson-macdonald.net,https://www.linkedin.com/in/amber53,802,497.3,482.89
Ruiz-Brown,Education,Timothy Smith,Joseph Robertson,sierra09@craig.com,https://www.linkedin.com/in/markfoster,7623,134.59,192.81
"Ross, Anderson and Hayes",Artificial Intelligence,Michael Gallegos,Michael Welch,tmurphy@hudson.net,https://www.linkedin.com/in/smithelizabeth,6829,239.84,338.81
Gamble Group,Automotive,Larry Ward,Angela White,underwoodsteven@jones.info,https://www.linkedin.com/in/reginamorris,2123,323.53,180.49
Grant LLC,Administration,Kyle Bond,Denise Black,danielturner@wright-jimenez.biz,https://www.linkedin.com/in/ithompson,1786,308.91,174.48
"Greene, Hill and Lewis",Human Resources,Jaime Wong,Angel Smith,jessicarich@reed-jones.com,https://www.linkedin.com/in/ygarcia,4239,192.58,105.14
Roberson PLC,Manufacturing,Breanna Daniels,Heidi Lee,wperez@murphy-irwin.com,https://www.linkedin.com/in/adammitchell,5304,191.6,279.85
"Brooks, Leonard and Fuller",Manufacturing,Mitchell Owens,Levi Lambert,patriciaperkins@hoover.org,https://www.linkedin.com/in/raymond97,382,351.43,400.47
Sandoval-Reed,Information Technology,Catherine Farmer,Michael Reid,lsmith@clark.com,https://www.linkedin.com/in/travisbrown,5026,66.65,38.88
White PLC,Administration,David Alvarez,Jeremy Carter,jennifer50@brown.com,https://www.linkedin.com/in/laura00,943,445.71,424.87
Simmons-King,Automotive,Andrew French,David Ochoa,tmurillo@choi-dixon.org,https://www.linkedin.com/in/emily31,747,160.32,130.82
Munoz-Curtis,Retail,Heather Warren,Sarah House,tiffany03@howell.net,https://www.linkedin.com/in/ashley36,5977,469.81,242.47
"Williams, Santos and Kim",Finance,Jason Eaton,Kimberly Summers,iochoa@roberts-orozco.net,https://www.linkedin.com/in/sjones,4401,73.87,67.94
Reyes-Padilla,Retail,Kenneth Johnson,James Green,frederickparker@scott.info,https://www.linkedin.com/in/jonesamy,9606,127.06,75.01
"Boone, Williams and Mccarthy",Finance,Mr. James Dawson,Dr. Mark Hobbs MD,humphreyrobyn@rose-green.net,https://www.linkedin.com/in/jeffrey62,5551,456.29,436.07
Contreras-Wang,Automotive,Michael Cervantes,David Graves,nashbenjamin@green-walker.org,https://www.linkedin.com/in/markaguilar,544,454.07,412.76
"Howell, Woods and Gross",Education,Kimberly Johnson,Timothy Moreno,nicholsonsamantha@james.org,https://www.linkedin.com/in/millerdanielle,8880,146.35,212.06
Martinez-Brewer,Administration,Dylan Gross,Tracy Peters,bmoody@smith-williams.com,https://www.linkedin.com/in/shirley07,4914,80.25,81.31
Robertson Inc,Finance,Nicholas Jarvis,Joyce Park,rachelryan@howard.com,https://www.linkedin.com/in/tbeard,427,209.96,286.66
Myers-Williams,Retail,Dawn Brown,Ruben Williamson,jorgesosa@wright.com,https://www.linkedin.com/in/michelle41,4284,248.3,126.06
"Taylor, Barnes and Bryant",Automotive,Vincent Roberson,Kimberly Munoz,michellehobbs@martinez.com,https://www.linkedin.com/in/andrea57,4846,310.33,376.14
Jones and Sons,Information Technology,Ashley Thomas,Maria Fernandez,carlsonedward@meza-bailey.biz,https://www.linkedin.com/in/lhorton,3647,345.56,240.77
Garrison PLC,Information Technology,Dr. Jacob Nichols,Carolyn Perez,wpoole@boyle.com,https://www.linkedin.com/in/vmiller,8679,463.37,529.26
"Martin, Martin and Steele",Administration,Carlos Johnson,Terry Rosales,susan83@mathews.com,https://www.linkedin.com/in/gwebb,9829,410.03,430.5
"Mccullough, Sanders and Dorsey",Automotive,Stephanie Shields,Jerry Sanchez,nicholashall@fritz.info,https://www.linkedin.com/in/davisterri,9512,387.08,423.18
Ryan-Welch,Retail,Jamie Bryan,Barbara Brown,scott43@miller.com,https://www.linkedin.com/in/kramerrobert,8340,383.22,286.88
"Shepard, Schwartz and Smith",Education,Bobby Berry,Heidi Roberson,andre29@sanders.org,https://www.linkedin.com/in/fergusonmatthew,4819,348.59,483.63
"Nelson, Nelson and Cannon",Education,Bryan Baker,Gary Espinoza,kimberlyedwards@nguyen-baker.info,https://www.linkedin.com/in/burnswendy,1241,486.23,648.12
Martin Group,Healthcare,Heather Holmes,Hannah Glover,djordan@thomas-moore.com,https://www.linkedin.com/in/jarvisdaisy,3769,7.53,7.69
Mathews Inc,Finance,Brian Davis,Dawn Lang,mcrosby@hunter-mcdonald.com,https://www.linkedin.com/in/ejones,2299,277.47,165.19
Adams Group,Administration,Kyle Tate,Kristine Freeman,abush@mcintyre.net,https://www.linkedin.com/in/jonathon73,9020,212.58,316.07
"Abbott, Beck and Diaz",Finance,Vanessa Norman,John Meyers,robertbrooks@mathews.info,https://www.linkedin.com/in/johnbishop,3465,136.45,101.48
Patel Inc,Automotive,Tammy Jackson,Elizabeth West,larsonjeremy@barnes.net,https://www.linkedin.com/in/smithrichard,619,326.52,235.68
Kelly-Wilson,Education,Kimberly Baker,Kathryn Wells,david30@collins.biz,https://www.linkedin.com/in/lori78,8281,383.42,209.07
Hicks Inc,Manufacturing,Steven Sawyer,Jessica Stafford,alyssaguerrero@houston.com,https://www.linkedin.com/in/fkey,1056,347.35,426.85
Dixon-Turner,Information Technology,Thomas Wheeler,Kenneth Welch,ortegamadison@maddox-moore.com,https://www.linkedin.com/in/snydertara,4768,47.25,52.16
"Valencia, Carlson and Cohen",Human Resources,Savannah Bradford,Marc Duran,alyssataylor@campbell.com,https://www.linkedin.com/in/daltonjennifer,6723,61.11,59.11
Evans Ltd,Finance,Christy Price,Frank Barrett,scarter@brock.com,https://www.linkedin.com/in/kkelly,7260,463.1,452.89
Curry LLC,Finance,Joshua Dixon,Andrea Diaz,uflores@smith-smith.net,https://www.linkedin.com/in/jamesmichelle,8805,15.23,18.14
Harris and Sons,Education,Jonathan Williams,Kathryn Ferguson,chelseacarr@bell-white.com,https://www.linkedin.com/in/guylarson,7596,476.71,694.05
"Johnson, Munoz and Cole",Information Technology,Joseph Owen,Michael Hansen,larsonjessica@white-chapman.biz,https://www.linkedin.com/in/jeffrey72,2564,85.78,55.71
Benson-Carr,Finance,Megan Barron,Heather Howell,kayla26@tyler-alvarez.com,https://www.linkedin.com/in/klinerobert,9141,229.18,194.16
Harper-Klein,Information Technology,Tina Evans,Mary Johnson,russellandrade@thomas.com,https://www.linkedin.com/in/mward,3786,430.96,277.76
Combs Group,Education,Judy Carter,Dawn Miller,kendra21@dixon.com,https://www.linkedin.com/in/dford,5445,352.7,246.83
Matthews Inc,Healthcare,Theresa Armstrong,Joshua Mcdonald,bailey37@reyes.org,https://www.linkedin.com/in/jessicahansen,5133,90.45,101.84
"Johnson, Vasquez and Copeland",Information Technology,Alexis Villarreal,Vanessa Campbell,kimberlyrogers@williams-williams.net,https://www.linkedin.com/in/awilliams,4970,37.97,34.17
"Buchanan, Alvarez and Saunders",Artificial Intelligence,Nathan Robinson,Kelly Garcia,emcintyre@moore-phillips.com,https://www.linkedin.com/in/pennywalker,7948,15.48,19.26
Terry and Sons,Artificial Intelligence,Bill Fernandez,Amber Casey,heatherwade@browning.com,https://www.linkedin.com/in/forddean,5238,251.89,263.91
Mcdonald-Hurst,Finance,Kelly Ford,James Brooks,aprilfrank@klein.biz,https://www.linkedin.com/in/scottsmith,487,496.92,657.12
Nelson LLC,Information Technology,Anthony Rich,Katrina Barron,igriffith@williams.com,https://www.linkedin.com/in/patrickhill,4972,168.39,231.54
Fritz LLC,Automotive,Robert Aguilar,Mr. Michael Decker,michaelknox@burch-harrison.com,https://www.linkedin.com/in/rogersjacob,8105,66.89,70.19
Levy-Jenkins,Manufacturing,Bruce Thompson,Tara Butler,matthewcastillo@mercado-chapman.com,https://www.linkedin.com/in/lallen,8921,166.71,108.55
Lester-Lambert,Healthcare,William Robinson,Nathan Hampton,david17@gentry.com,https://www.linkedin.com/in/victoria51,8192,98.03,113.99
Johnson PLC,Automotive,Susan Lowe,Rachel Hart,osbornerebecca@perry.info,https://www.linkedin.com/in/panderson,5783,483.46,316.06
"Bradford, Mills and Pittman",Education,Terri Harvey,James Hopkins,matthewmueller@cobb.com,https://www.linkedin.com/in/drussell,8446,185.93,99.62
Jones and Sons,Finance,Nicole Morales,Diane Taylor,bmorris@hernandez-banks.com,https://www.linkedin.com/in/tammynguyen,4527,54.96,80.38
Clark LLC,Healthcare,Justin Burton,Kristi Ochoa,maciasbridget@shepherd.com,https://www.linkedin.com/in/jonathonfitzpatrick,5193,347.76,400.53
Yang LLC,Artificial Intelligence,Mr. George Jenkins,Samantha Phillips,andersonnicole@roberts-monroe.info,https://www.linkedin.com/in/michaelmunoz,6777,438.53,287.12
Clark Inc,Healthcare,Julie Atkins,Chelsea Miller,lindsey14@gill.com,https://www.linkedin.com/in/alexander17,1191,306.19,301.92
"Gamble, Harris and Sanchez",Artificial Intelligence,Dawn Hull,Tina Williams,xrogers@schmidt.net,https://www.linkedin.com/in/megan34,2402,37.19,42.06
Clarke-Campbell,Human Resources,John Cohen,Courtney Pruitt,sheila49@nguyen-king.com,https://www.linkedin.com/in/lorisims,9337,334.41,255.51
"Smith, Graham and King",Artificial Intelligence,Molly Wilson,William Thornton,wendy20@parker.com,https://www.linkedin.com/in/ahodge,3862,202.05,185.84
Dennis and Sons,Administration,Justin Gordon,Gregory Petty,sheilabond@wallace.com,https://www.linkedin.com/in/jacqueline27,6001,119.3,140.88
Tran Ltd,Finance,Ray Valdez,James Washington,jasonperez@bradley.com,https://www.linkedin.com/in/joan35,6940,384.71,559.47
"Briggs, Herman and Hernandez",Healthcare,Gary Little,Gary Smith,yjordan@gonzalez-marshall.info,https://www.linkedin.com/in/john02,1125,79.56,62.38
Knight-Diaz,Retail,Stephen Dodson,Julia Middleton,pcooley@castaneda.biz,https://www.linkedin.com/in/xjenkins,9960,78.96,84.19
Walker Ltd,Finance,Michael Williams,William Washington,jennifergill@blankenship-reeves.com,https://www.linkedin.com/in/dawnhernandez,4190,473.49,679.39
Smith-Young,Administration,Deborah Barton,Nicholas Sanchez,rachael13@barrera.com,https://www.linkedin.com/in/schultzlarry,5704,360.06,434.29
"Meyer, Carlson and Smith",Education,Alexis Sandoval,Erin Smith,patriciaburns@ramirez.com,https://www.linkedin.com/in/emilymoody,1341,328.73,203.61
Rollins-Thompson,Manufacturing,Jason Thomas,Erica Garza,nicolefitzgerald@fry-fry.org,https://www.linkedin.com/in/brandon52,5708,458.91,260.73
Fields-Harper,Manufacturing,Michelle Myers,Kyle Brown Jr.,amanda01@dunn-harmon.com,https://www.linkedin.com/in/john54,3496,69.12,53.01
Rodriguez-Mason,Automotive,Gary Kelley,Janice Williams,thomas23@cordova-mays.org,https://www.linkedin.com/in/peter69,1528,380.13,482.08
Alvarado Ltd,Artificial Intelligence,Janet Jordan,Christine Bush,jeff23@lowery-burch.biz,https://www.linkedin.com/in/conradchristian,8288,236.83,257.04
"Freeman, Cohen and Rivera",Manufacturing,Christine Walters,Tammy Herrera,ypatterson@lee-boyle.net,https://www.linkedin.com/in/jonathan88,4160,199.12,158.73
"Patel, Carpenter and Durham",Education,Tina Guerrero,Jason Mata,tristantran@cummings.com,https://www.linkedin.com/in/morgan98,6663,16.1,10.88
Salinas Inc,Information Technology,Anna Beard,Kathryn Galloway,danamiller@turner.net,https://www.linkedin.com/in/fhouse,3241,207.29,137.97
"Delgado, Mendoza and Kelly",Finance,Daniel Scott,Christy Cain DVM,obrown@owens-shields.com,https://www.linkedin.com/in/jeancook,4209,174.79,260.97
Rice-Hampton,Education,April Evans,Kevin Little,carlosroberts@rogers-parker.com,https://www.linkedin.com/in/nramirez,4159,180.72,227.46
"Ray, Hancock and Parker",Retail,Matthew Thompson,Dawn Martin,sandersrichard@beard.net,https://www.linkedin.com/in/christina63,2862,465.73,260.67
Taylor-Grant,Administration,Christopher Clark,Dana Hale,hannah08@kennedy.org,https://www.linkedin.com/in/steven45,7102,392.86,371.6
Lewis-Smith,Finance,Stephanie Kidd,Corey Hernandez,ubryant@gomez.info,https://www.linkedin.com/in/ithompson,6487,280.26,374.34
"Duncan, Adams and Kirby",Retail,Tracy Pratt,Ian Glenn,moraleskaren@rhodes-smith.com,https://www.linkedin.com/in/fosterteresa,6309,170.22,116.1
Walsh Group,Automotive,David Rodriguez,Rebecca Long,harriseric@atkins.com,https://www.linkedin.com/in/bartlettcheryl,2832,301.53,192.59
Freeman-Glover,Information Technology,William Patel,Matthew Evans,ograham@schwartz-phillips.com,https://www.linkedin.com/in/ryanwatson,2035,379.74,418.04
Randolph-Andrade,Human Resources,Kristie Becker,Brandon Hughes,ericdavis@walls.com,https://www.linkedin.com/in/robert38,263,497.71,511.47
"Sanders, Sanchez and Jones",Finance,James Allen,John Monroe,mtaylor@williams.org,https://www.linkedin.com/in/tmiles,817,68.84,61.56
"Davis, Chan and Craig",Information Technology,Ashley May,Ellen Serrano,lindsey14@russell.net,https://www.linkedin.com/in/sarah86,7086,462.52,653.0
"Durham, Nelson and Garrett",Information Technology,Chad Rodriguez,Amanda Hamilton,emmapeterson@morgan.com,https://www.linkedin.com/in/shannoncooper,2354,113.07,112.68
"Parker, Butler and Wilson",Information Technology,Jacqueline Austin,Christopher Stone,davidgreen@carson-bell.com,https://www.linkedin.com/in/uking,843,147.24,168.12
"Martinez, Ramsey and Miles",Artificial Intelligence,Jose Hernandez,Dennis Thomas,klopez@smith-crawford.biz,https://www.linkedin.com/in/julie62,3134,331.23,206.1
Nielsen Ltd,Human Resources,Ronald Butler,Lisa Diaz,kaufmanmatthew@walker.info,https://www.linkedin.com/in/eobrien,4187,213.83,181.07
Tucker Group,Finance,Rebecca Carr,Todd Diaz,hamiltonamanda@mayer.info,https://www.linkedin.com/in/andersonshannon,2033,210.94,221.47
Sharp and Sons,Healthcare,Gregory Hood,Brent Ferguson,jamesking@quinn.biz,https://www.linkedin.com/in/robert86,6508,158.24,163.63
Martin PLC,Education,Kathleen Brewer,Heather Howard,louisvance@love-conway.net,https://www.linkedin.com/in/jonathanbryant,1963,247.66,316.42
"Walker, Williams and Hernandez",Finance,Laura Leonard,Donald Friedman,pmcneil@stuart.info,https://www.linkedin.com/in/rebeccalucero,5988,300.21,314.38
"Morgan, Aguilar and Harris",Manufacturing,Douglas Robertson,Jose Reese,thomasjonathan@kim.com,https://www.linkedin.com/in/zhangjohn,3435,322.2,178.58
Adams and Sons,Education,Allison Thompson,Jennifer Davis,younglinda@lopez.biz,https://www.linkedin.com/in/awilkinson,7273,300.74,280.93
"Mccall, Stephens and Hull",Manufacturing,Amy Moody,Vernon Villarreal,emills@dennis.net,https://www.linkedin.com/in/cgentry,8144,56.54,73.55
Taylor Inc,Finance,Eileen Harrell,Sara Gordon,mary23@nelson-howard.biz,https://www.linkedin.com/in/harringtonmatthew,2326,364.42,268.88
Gonzalez PLC,Education,Mr. Walter Rodriguez MD,Alexandra Reed,chelseawells@jones.com,https://www.linkedin.com/in/sophiaward,6638,283.7,201.38
"Massey, Cruz and Hunter",Administration,Cindy Patterson,Brandy Jackson,christopherwalker@diaz.biz,https://www.linkedin.com/in/michaelrichards,2542,305.63,245.73
Thompson-French,Information Technology,Jeremiah Kirk,Melissa Mitchell,trujillonatalie@madden.com,https://www.linkedin.com/in/castillodouglas,1704,75.27,69.04
"Martin, Allen and Roberts",Information Technology,Amanda Moody,Benjamin Collins,ywhite@ferguson-wright.net,https://www.linkedin.com/in/patriciareyes,9285,128.98,188.71
Harrison Ltd,Education,Amy Burke,William Murray,onoble@porter-jensen.net,https://www.linkedin.com/in/campbellsteven,4596,82.35,91.54
Thompson-Davis,Finance,Stacy Ferrell,Eileen Bean,joseph23@carrillo.com,https://www.linkedin.com/in/morristiffany,359,41.3,46.77
Smith Inc,Administration,Martin Hurst,Mrs. Christine Williams,johnstonryan@garcia.biz,https://www.linkedin.com/in/jenkinslaurie,8926,314.71,362.04
"Dawson, Thompson and Deleon",Human Resources,Angel Cunningham,Tammy Sims,yanglisa@hudson.com,https://www.linkedin.com/in/ealexander,2246,65.37,45.4
Caldwell LLC,Administration,Jerry Pena,Kathy Simmons,wgray@perkins.com,https://www.linkedin.com/in/zacharyalvarado,4193,164.71,190.68
Douglas-Meza,Automotive,Marissa Beck,David Thomas,wilsonmark@perry-murillo.org,https://www.linkedin.com/in/wtanner,8040,248.8,267.93
Davis Inc,Healthcare,Kyle James,Angela Williams,emilyflynn@wise.info,https://www.linkedin.com/in/kbrown,6727,408.86,316.07
Ruiz and Sons,Administration,Jeffrey Jones,Daniel Pearson,sarahmathews@norton.net,https://www.linkedin.com/in/desireethompson,1734,457.37,659.79
Porter-Barnes,Information Technology,Johnny Duarte,Brandy Chen,elizabeth82@snyder.info,https://www.linkedin.com/in/dominique39,997,104.4,77.76
Brown Group,Education,Thomas Holmes,Sarah Wood,josephmatthews@george.com,https://www.linkedin.com/in/fburke,1571,404.62,563.36
"Acosta, Sawyer and Wallace",Administration,Lauren Walker,Meagan Peterson,calderonlori@smith-long.com,https://www.linkedin.com/in/joy02,9895,54.16,44.42
"Jones, Johnston and Clark",Administration,Anthony Koch,Daniel Lewis,rjenkins@cabrera-jenkins.com,https://www.linkedin.com/in/marissa67,6005,390.45,505.99
Sullivan Inc,Automotive,Alexis Black,Mark Reyes,richardsonrobyn@gonzalez-koch.com,https://www.linkedin.com/in/miguel10,2387,261.66,163.67
"Ford, Villanueva and Rice",Manufacturing,Glenn Blair,William Bishop,jodythomas@simmons-newman.org,https://www.linkedin.com/in/burnettkimberly,5364,161.77,95.93
Stafford LLC,Artificial Intelligence,Donna Ballard,Philip Jacobson,sheilasalas@lee.com,https://www.linkedin.com/in/lopezjennifer,2368,324.83,166.37
Green Ltd,Information Technology,Robin Walter,Erin Turner DVM,dunlapfred@smith.info,https://www.linkedin.com/in/smithmelissa,49,147.07,168.25
Mullen-Evans,Healthcare,Mark Reed,Christopher Silva,iroberts@chavez.com,https://www.linkedin.com/in/nancygomez,4058,201.37,158.15
Wright-Avery,Artificial Intelligence,Jeffrey Perez,Derrick Taylor,caleb62@robinson.com,https://www.linkedin.com/in/ndavis,3196,13.05,16.63
Ramirez-Wise,Human Resources,Amanda Phillips,Ashley Roberts,fware@mack.com,https://www.linkedin.com/in/anthonygarrison,2018,286.95,411.03
Watson Inc,Healthcare,Teresa Dixon,Michelle Ford,phillipskellie@ford.com,https://www.linkedin.com/in/bmendoza,3741,464.37,500.81
Kelley LLC,Retail,Stacy Steele,Dominic Hart,hmedina@barnes-cunningham.com,https://www.linkedin.com/in/clarkjack,7577,337.78,292.8
Davis-Johnson,Artificial Intelligence,Sharon Mathis,Kenneth Bishop,yserrano@lloyd-howard.biz,https://www.linkedin.com/in/yvette35,7251,117.52,108.97
Estrada Ltd,Education,Ryan Taylor,Susan Rollins,nmarshall@peterson.com,https://www.linkedin.com/in/duanecox,4645,438.52,227.38
Ramos PLC,Human Resources,Alexandra Johnson,Cory Thomas,johnsondavid@cooper.info,https://www.linkedin.com/in/welchpamela,617,174.89,190.44
Terrell PLC,Retail,Joann Mccann,Linda Williams,edwardrodriguez@snow.com,https://www.linkedin.com/in/belinda13,2183,192.52,133.53
Hernandez LLC,Information Technology,Joseph Lee,Brian Morrow,mary97@smith-evans.com,https://www.linkedin.com/in/umiller,5265,88.07,61.39
Miller-Ferrell,Artificial Intelligence,Jason Shields,Daniel Sanders,dennis85@taylor.com,https://www.linkedin.com/in/craig56,8745,446.15,430.44
Smith LLC,Retail,James Jackson,Hannah Wilkinson,courtney13@golden.com,https://www.linkedin.com/in/tracy61,8668,101.81,120.93
Spencer Ltd,Administration,Rodney Powers,Edward Olson,doughertyheather@ford.org,https://www.linkedin.com/in/omcclain,8510,293.96,350.49
Villegas PLC,Retail,Allison Mcpherson,Pamela Mckenzie,gilbertjuan@carter.com,https://www.linkedin.com/in/amber89,3218,288.77,233.49
Andrade-Mckay,Human Resources,Thomas Nunez,Paul Stephens,thompsonbenjamin@lewis.org,https://www.linkedin.com/in/justinrivera,8546,305.11,333.12
Morales-Weaver,Human Resources,Margaret Horton,Eileen Jimenez,tylersmith@wood-rogers.com,https://www.linkedin.com/in/hooverandrew,3182,447.92,259.72
Hunt-Church,Human Resources,Andrew Reyes,Scott Townsend,ronnie44@becker.com,https://www.linkedin.com/in/mbaker,4123,142.56,157.67
"Coffey, Jacobs and Bird",Retail,William Wells,Tina Ellison,joancraig@sullivan.info,https://www.linkedin.com/in/dcarpenter,6054,166.81,146.47
Melton Group,Healthcare,Charles Frank,Steven Hale,thomas79@callahan.com,https://www.linkedin.com/in/wgonzalez,90,373.94,523.59
Thomas-Wilson,Automotive,Tamara Smith DVM,Samuel Patel,theresa83@bailey.org,https://www.linkedin.com/in/amanda73,72,122.75,158.83
Johnson-Guzman,Automotive,Jeffrey Morrow,John Roach,usnow@castro.com,https://www.linkedin.com/in/rachelmorrow,238,38.37,22.45
"Ellis, Mcdowell and Sutton",Administration,Jean Hall,Wayne Hall,racheldavis@martin-shaffer.com,https://www.linkedin.com/in/michaelramirez,6476,361.88,474.78
Hanson and Sons,Manufacturing,Rachel Gutierrez,Kathryn Bennett,elizabethjones@wilcox.com,https://www.linkedin.com/in/tammynelson,1258,407.85,476.64
"Patterson, Bennett and Ramsey",Retail,Michelle Fleming,James Walker,jamiesmith@barnes.com,https://www.linkedin.com/in/omitchell,9381,346.35,351.36
Cowan-Anderson,Human Resources,Benjamin Pena,Barbara Rose,matthewpayne@shaffer.com,https://www.linkedin.com/in/chriswade,5952,167.62,217.47
Vincent-Kane,Retail,John Webb,April Jenkins,walkerjose@sampson-peterson.com,https://www.linkedin.com/in/amber81,7138,201.73,208.88
Michael-Rose,Education,Michael Anderson,Ashley Clark,cchavez@jackson-travis.com,https://www.linkedin.com/in/collinsolivia,8139,230.65,206.0
Curtis PLC,Retail,Laura Johnson,Sarah Jackson,vstanton@benson.net,https://www.linkedin.com/in/jenniferjohnston,1293,34.28,47.06
Lucero Ltd,Human Resources,Jessica Rivera,Steven Simon,patricia38@wells.org,https://www.linkedin.com/in/leonardgregory,3940,201.3,169.36
Brooks-Franklin,Information Technology,Karen Owens,Jennifer King,kaufmanconnie@duran-smith.com,https://www.linkedin.com/in/tlamb,1457,428.36,461.01
"Neal, Thomas and Ellis",Retail,Edward Higgins,Alex English,scott58@perez.com,https://www.linkedin.com/in/diana61,559,283.71,418.48
Roberts-Luna,Retail,Mr. David Brown,Mary Johnson,mckenziericky@hays-martinez.com,https://www.linkedin.com/in/mariahuynh,3719,16.57,10.93
Jacobs-Bond,Information Technology,Lauren Harris,Jessica Smith,karl45@morris-simpson.com,https://www.linkedin.com/in/colleenschaefer,606,493.89,711.46
Berry-Hawkins,Retail,Andrew Burgess,Jeffrey Nelson,ephillips@clark-robbins.net,https://www.linkedin.com/in/washingtonsamuel,8020,85.95,81.87
Castro PLC,Automotive,Phyllis Wilson,Ashley Wright,weaverlogan@duncan.com,https://www.linkedin.com/in/robertgutierrez,9280,331.72,244.75
"Holmes, Mora and Wilson",Information Technology,Brandy Grant,Christina Glover,jasonsullivan@tate-smith.com,https://www.linkedin.com/in/nathan39,7328,263.61,323.83
"Cardenas, Lewis and Jackson",Artificial Intelligence,Clayton Vasquez,Jonathan Gutierrez,fernandezrichard@mcguire-marshall.com,https://www.linkedin.com/in/laurenguerrero,1650,293.77,163.66
Garcia and Sons,Manufacturing,Joanna Robinson,William Parker,april79@cox.org,https://www.linkedin.com/in/davidjones,9888,144.48,166.4
"Chase, Mills and Lee",Finance,James Garcia,Donna Gonzalez,christopher79@smith-patel.com,https://www.linkedin.com/in/michelle28,7112,269.1,237.54
"Bell, Moreno and Castro",Manufacturing,Betty Rose,Miguel Haynes,keithlee@griffin-henderson.biz,https://www.linkedin.com/in/lponce,7048,299.18,437.0
Owens Inc,Finance,Dr. Chelsea King,William Taylor,barnetttaylor@tucker.com,https://www.linkedin.com/in/garciasabrina,4190,294.37,347.76
Pearson PLC,Manufacturing,James Smith,James Parker,farrelledward@hall-butler.com,https://www.linkedin.com/in/john71,4862,24.01,30.44
Villegas Group,Artificial Intelligence,Wyatt Whitney,Maria Davis,richardcarter@miller.com,https://www.linkedin.com/in/ronaldgonzales,4269,132.99,192.99
Harris Inc,Administration,Walter King,Cheryl Pope,cadams@martinez.biz,https://www.linkedin.com/in/philipfoster,5107,162.78,177.17
"Pierce, Jenkins and Joyce",Information Technology,Brent Hanson,Gail Costa,ygarcia@ferguson.net,https://www.linkedin.com/in/ybraun,9158,273.46,216.48
Wright Inc,Administration,Teresa Macias,Benjamin Blackwell,jeremiahsmith@york-may.net,https://www.linkedin.com/in/terrimiller,2343,434.2,465.68
"Hill, Johnson and Lamb",Education,Sara Cuevas,Michelle Garcia,dixonhaley@chapman.info,https://www.linkedin.com/in/monicaterry,6240,262.88,191.07
"Parks, Porter and Davis",Healthcare,Stephanie Owens,Marissa Mcclain,lisaduncan@ramirez.com,https://www.linkedin.com/in/harperjamie,5147,211.49,152.35
Baker Group,Automotive,Christina Nielsen,David Mccullough,courtney47@kennedy-spencer.com,https://www.linkedin.com/in/ycarey,7098,209.71,118.09
"Gray, Nelson and Landry",Manufacturing,Sharon White,Jeremy Roman,paulahendrix@mcguire.info,https://www.linkedin.com/in/kenneth89,664,391.44,422.15
Key-Osborn,Education,Jillian Snyder,Tina Johnson,sherri50@baker.com,https://www.linkedin.com/in/robert74,3132,407.12,604.92
Bailey-Rush,Automotive,Donna Smith,Stephen Holt,lambertjudith@lloyd.net,https://www.linkedin.com/in/shortjames,3686,9.81,12.69
Jones and Sons,Finance,Ms. Sylvia Cole,James Rubio,daniellewalker@welch-callahan.info,https://www.linkedin.com/in/patricia84,1372,315.04,339.9
"Nguyen, Dudley and Martin",Education,Javier Stephens,Patricia Landry,ashleydurham@crane-clayton.com,https://www.linkedin.com/in/kenneth18,3632,23.72,23.09
Dillon PLC,Finance,Jamie Rasmussen,Nicholas Duncan,jonathan94@long.com,https://www.linkedin.com/in/jonathanpollard,452,367.22,329.46
Montgomery Inc,Education,Allison Harper,Katelyn Walker,bhaynes@wallace.com,https://www.linkedin.com/in/juan96,2480,334.01,479.63
Petersen and Sons,Retail,David Perez,Willie Duncan,msmith@campbell-gonzalez.com,https://www.linkedin.com/in/hford,7751,276.91,352.84
Riley PLC,Manufacturing,Patricia Scott,Jill Sherman,cameronsanders@morales.com,https://www.linkedin.com/in/scotterin,6876,482.51,503.83
Evans and Sons,Healthcare,Krystal Murphy,Jessica Landry,jessicalee@marshall.biz,https://www.linkedin.com/in/cfisher,2938,31.04,26.7
Potter Inc,Retail,Marilyn Webb,Kim Davis,scottsergio@cohen.org,https://www.linkedin.com/in/tbrown,6030,244.76,275.64
Brooks-Tyler,Information Technology,James Baldwin,Stephen Perez,ahuynh@chang.info,https://www.linkedin.com/in/watkinskimberly,7519,243.55,337.85
Schneider and Sons,Finance,Jeff Jones,Kristen Perez,kempsharon@ware-harris.net,https://www.linkedin.com/in/adam81,5102,203.38,137.36
Robertson Inc,Artificial Intelligence,Carlos Kim PhD,Larry Wood,davischristopher@long.com,https://www.linkedin.com/in/ericturner,8807,466.15,333.16
"Pierce, Salazar and Brown",Education,Sara Zimmerman,Amber Davis,pjackson@lewis-reed.com,https://www.linkedin.com/in/tony36,7072,200.1,193.21
"Robbins, Gay and Robinson",Automotive,Krystal Wade,Miranda Burns,rhoward@gutierrez.org,https://www.linkedin.com/in/tjenkins,7279,491.33,327.3
"Webster, Patterson and Figueroa",Healthcare,Timothy Davis,Megan Roy,christineblack@lloyd-gordon.com,https://www.linkedin.com/in/collinsjill,5360,406.89,405.04
Myers PLC,Human Resources,Danielle Kelley,Jordan Johnson,paul70@christian.net,https://www.linkedin.com/in/eric59,4752,201.48,206.47
Larsen and Sons,Automotive,Michael Shaffer,Rhonda Ingram,natalieclark@wright.org,https://www.linkedin.com/in/gwilliams,7086,418.85,446.86
"Davis, Giles and Jones",Finance,Victoria Harrison,Lauren Fisher,stacierosales@miller.biz,https://www.linkedin.com/in/sonya26,6270,332.41,282.31
Anderson-Turner,Human Resources,Sheila Robertson,Joel Flores,gregory22@carey.com,https://www.linkedin.com/in/bdavis,3787,12.76,17.17
Jones and Sons,Manufacturing,Meredith Perkins,Kristen Harrison,jodi73@hutchinson-caldwell.net,https://www.linkedin.com/in/danielstephens,7219,52.24,71.18
Holt PLC,Manufacturing,Mrs. Kristin Nunez,Jose James,audreyjenkins@smith.com,https://www.linkedin.com/in/williamsjulie,4327,436.7,354.82
Reeves and Sons,Information Technology,Jennifer White,Patrick Hughes,jenniferthompson@green-lopez.com,https://www.linkedin.com/in/millercrystal,2746,423.95,283.77
Moran LLC,Education,Donna Flores,Megan Arnold,billyward@maldonado.com,https://www.linkedin.com/in/coreybailey,6342,258.8,300.82
"Decker, Nunez and Sanchez",Automotive,Mark Cameron,Douglas Walters,mary74@chen.org,https://www.linkedin.com/in/tcoleman,2952,484.54,604.29
Thompson-Wood,Information Technology,Shannon Garcia,Raymond Holmes,xramos@wilson.com,https://www.linkedin.com/in/pboyd,6855,467.91,239.67
"Young, Callahan and Lee",Artificial Intelligence,Kenneth Harris,David Jones,valeriewilliams@nguyen.net,https://www.linkedin.com/in/humphreyryan,7555,421.29,593.85
Collier-Ward,Information Technology,Max Mcintosh DDS,Nancy White,peter13@evans.com,https://www.linkedin.com/in/roblesmindy,2804,235.5,235.25
"Morris, Taylor and Gonzalez",Manufacturing,Bruce Vang,Julie Sanchez,matthewcooley@flynn-zimmerman.org,https://www.linkedin.com/in/alexandria23,7273,252.4,214.53
Mills-Reid,Healthcare,Allen Robinson Jr.,Dustin Miller,ythompson@harris.com,https://www.linkedin.com/in/jason69,2493,441.7,305.94
"Shannon, Brown and Taylor",Education,Kenneth Marshall,Brenda Stewart,amywalsh@richardson.com,https://www.linkedin.com/in/hooperrobert,6231,299.53,429.68
"Miller, Newton and Carter",Automotive,Marilyn King,Matthew Simmons,twilliams@castillo.com,https://www.linkedin.com/in/lewisroy,5965,419.44,504.24
"Cooper, Rubio and Scott",Human Resources,Veronica Johnson,Jonathan Kelly,leemcpherson@matthews.net,https://www.linkedin.com/in/duncandenise,5174,14.41,13.91
Olson-Lopez,Administration,Samantha Miller,Andrew Huerta,stephaniewheeler@sexton.org,https://www.linkedin.com/in/qmccoy,9242,49.22,62.94
Short Inc,Manufacturing,Michael Stanton,Adrian Brown,sabrina62@garcia-mcgee.info,https://www.linkedin.com/in/lwright,9402,341.34,470.27
Torres and Sons,Healthcare,Michelle James,Jacob Warren,zcoleman@clay-chung.net,https://www.linkedin.com/in/johnstonlori,5207,359.67,489.79
"Hayes, Morgan and Rogers",Automotive,Brenda Hall,Dr. Kim Jones,imedina@roman.com,https://www.linkedin.com/in/mayteresa,13,466.45,458.49
Rivera PLC,Retail,Henry Burnett,Derrick Hutchinson,michael62@brooks.com,https://www.linkedin.com/in/brianmorrison,5802,20.62,27.76
Olson-Martinez,Artificial Intelligence,Madison Palmer,Emily Pena,william67@cooper-young.com,https://www.linkedin.com/in/michael92,235,272.22,367.89
Parsons PLC,Human Resources,James Jones,John Chan,morrowkristie@gonzalez.biz,https://www.linkedin.com/in/cfox,7140,227.39,216.41
"Gonzales, Hill and Lawson",Automotive,Colin Johnson,Benjamin Matthews,jeffreywilson@carlson.com,https://www.linkedin.com/in/dukegary,9296,416.31,569.58
Matthews Group,Retail,Andrew Brooks,Veronica Hanson,cooperryan@whitehead-vega.org,https://www.linkedin.com/in/ashleylogan,838,475.87,680.43
Herman LLC,Finance,James Conway,Jose Glover,isaiahwashington@goodwin.com,https://www.linkedin.com/in/brittanythomas,2038,326.14,314.54
Quinn-Stafford,Retail,Anita Elliott,Robert Conley,diana25@freeman-rogers.biz,https://www.linkedin.com/in/michael50,1174,257.5,291.3
"Skinner, Hayes and Gibson",Retail,Holly Pruitt,Mark Barton,patricia75@montes.net,https://www.linkedin.com/in/smithbarbara,4334,5.29,5.53
Perry-Jordan,Manufacturing,Anthony Nguyen,Brian Larson,ycarlson@stokes.com,https://www.linkedin.com/in/sanchezsharon,6739,319.49,218.11
Wright-Velez,Healthcare,Jessica Sharp,Jennifer Doyle,jefferyharrington@russell.com,https://www.linkedin.com/in/hannah34,7472,143.77,120.99
Davis and Sons,Manufacturing,Manuel Klein,Mckenzie Hart,timothy36@clarke.net,https://www.linkedin.com/in/brianhansen,1926,79.61,104.01
Lawson-Stevenson,Manufacturing,Zachary Carter,Tracy Collins,nmartin@leonard.com,https://www.linkedin.com/in/coxkathryn,6149,343.39,507.61
"Fuentes, Fleming and Bryan",Administration,Timothy Kennedy,Nancy Wright,waguilar@schmidt.com,https://www.linkedin.com/in/harrislawrence,9765,169.3,131.22
"Holland, Williams and Oliver",Retail,Jeffrey Robinson,Jessica Roberts,matthew50@parker.org,https://www.linkedin.com/in/richardgomez,5060,200.56,195.05
Long Group,Artificial Intelligence,Laura Johnson,Sandra Hall,brichmond@peterson-jones.com,https://www.linkedin.com/in/paultapia,3407,194.93,172.5
"White, Payne and Hoffman",Education,Elizabeth Morgan,Melissa Dixon,chambersjaclyn@jenkins.com,https://www.linkedin.com/in/parkerrichard,5051,135.82,152.2
"Torres, Perry and Crane",Information Technology,Theresa Erickson,Stephanie Jones,michael09@tapia.com,https://www.linkedin.com/in/ohoward,4309,429.75,543.43
Mccullough LLC,Education,Madeline Thomas,Donna Griffin MD,brittanymiller@austin-mcintyre.com,https://www.linkedin.com/in/kevinshepard,7697,384.9,440.66
Gardner LLC,Automotive,Jacob Morris,Jennifer Woods,heidimoore@garza.com,https://www.linkedin.com/in/mullinslinda,8333,189.48,280.31
Williams-Kramer,Manufacturing,Suzanne Brandt,Dr. Douglas Gonzalez PhD,jennifernewton@turner.com,https://www.linkedin.com/in/masonjennifer,6908,283.06,358.61
Jimenez-Le,Manufacturing,Jacqueline Kennedy,Danny Harrison,nancysingleton@wilkins-maddox.com,https://www.linkedin.com/in/kenneth56,776,416.43,453.88
"Chen, Hale and Gonzales",Automotive,Richard Hoffman,Jason Rangel,jeffrey48@clark.com,https://www.linkedin.com/in/kochgabriel,9667,258.72,297.69
Villarreal-Frey,Finance,Anthony Payne,Jill Dickson,smithbrian@williams.biz,https://www.linkedin.com/in/kimberlybryan,6591,9.18,11.02
"Hernandez, Ellis and Garcia",Retail,Patricia Taylor,Bob Campos,crystal11@freeman.com,https://www.linkedin.com/in/shannon41,1398,84.47,113.52
Duncan PLC,Artificial Intelligence,Carrie Buck,Jason Prince,curtiscrane@ramirez.net,https://www.linkedin.com/in/bauermark,7406,169.93,126.28
Walsh Inc,Information Technology,Dawn Rivers,Danielle Humphrey,justinwallace@sandoval.com,https://www.linkedin.com/in/adrian06,4769,444.35,591.76
Brady Inc,Automotive,Sharon Mclean,Jennifer Briggs,kyleaguilar@gomez-hancock.com,https://www.linkedin.com/in/bmay,9939,284.73,400.3
"Mercado, Peterson and Potter",Human Resources,Amanda Walker,David Wilkins,millerdeborah@walters-lloyd.info,https://www.linkedin.com/in/keyjonathan,7586,452.78,476.64
Thornton-Perry,Manufacturing,Grant Douglas,Marie Crawford,gravesguy@anderson-alvarez.com,https://www.linkedin.com/in/foleysarah,5508,289.78,424.55
Gonzales-Nguyen,Finance,Katherine Morales,James Gordon,april01@thompson.org,https://www.linkedin.com/in/gilmoreerin,9252,451.87,330.78
Allison PLC,Human Resources,Marcus Vasquez,Ernest Trevino,nicholasberg@yoder.com,https://www.linkedin.com/in/nathan90,7001,226.15,293.76
Moore-Meadows,Healthcare,Frances Duran,Jeremiah Rubio,edwin14@kidd.com,https://www.linkedin.com/in/eric88,8498,455.79,417.19
Nelson-Smith,Manufacturing,Zachary Wilson,Bryan Cole,katherine93@clark.org,https://www.linkedin.com/in/williamsrachel,6731,382.66,472.45
Thompson-Schmidt,Finance,John Jones,Kristen Sutton,kelly52@dunlap.org,https://www.linkedin.com/in/andrea83,2883,80.78,55.76
Stevens Inc,Finance,Gloria Rodriguez,Cheyenne Lawrence,jacksonnicholas@harper.info,https://www.linkedin.com/in/nmorgan,9837,57.12,72.67
Mcdaniel and Sons,Human Resources,Amanda Caldwell,Helen Mccoy,phess@roberts.com,https://www.linkedin.com/in/lisa04,9431,98.46,58.43
"Alvarez, Johnson and Tucker",Artificial Intelligence,Stephanie Jackson,Christina Cole,devinrobinson@nguyen.com,https://www.linkedin.com/in/millersamantha,6471,384.63,566.93
Castillo-Harrison,Retail,Ryan Olson,Nancy Ryan,alishalong@whitney.com,https://www.linkedin.com/in/leetroy,8492,327.34,344.49
King LLC,Manufacturing,Dr. Diana Hunter,John Reese,fordrobert@myers.info,https://www.linkedin.com/in/alexander37,6497,76.18,60.12
"Ross, Perry and Martinez",Information Technology,David Lewis,Shawn Roberson,mpowell@gomez.com,https://www.linkedin.com/in/shannonschwartz,2913,224.71,167.75
Evans-Harrington,Healthcare,Doris Robinson,Victor Wilkinson,jerryharris@moore.net,https://www.linkedin.com/in/nathanlopez,6195,405.91,263.75
Marshall Inc,Manufacturing,Andrew Ortega,Jose Lopez,laurenroberts@chase.com,https://www.linkedin.com/in/frussell,2824,22.44,22.36
Higgins-Snyder,Healthcare,Joseph Daniels,David Pierce,jamesstephanie@graham-gonzalez.info,https://www.linkedin.com/in/coxmelissa,622,286.83,302.91
Rivera LLC,Automotive,Sandra Martinez,Michele Bradley,ucollins@sullivan.biz,https://www.linkedin.com/in/lisageorge,650,5.09,5.28
Barber and Sons,Administration,Sarah Johnson DDS,Kristy Boyd PhD,dawnmclean@orozco.com,https://www.linkedin.com/in/pamelabarnett,7582,123.46,86.32
Monroe PLC,Artificial Intelligence,Elijah Lambert,Sara Griffith,rwoods@robertson.com,https://www.linkedin.com/in/amycollins,5819,225.93,167.77
"Barnes, Harmon and Garcia",Finance,Henry Bradley,Joanne Stout,joseph23@davis.org,https://www.linkedin.com/in/heidibenson,7413,221.89,128.2
Lewis-Mcclure,Automotive,Amy Smith,Jennifer Castro,robert67@cole-novak.info,https://www.linkedin.com/in/taylorwilliam,8914,444.64,435.39
Rojas and Sons,Retail,Richard Fletcher,Christine Rich,cathyhinton@adkins-yoder.com,https://www.linkedin.com/in/michael14,162,486.21,286.74
"Rogers, Heath and Hansen",Healthcare,Joshua Myers,Nancy Jones,mathiscarol@gonzalez-robertson.info,https://www.linkedin.com/in/conradjesse,4984,48.49,51.77
"Jones, Garcia and Franco",Human Resources,Brian Scott,Rhonda Smith,kcruz@price-williams.com,https://www.linkedin.com/in/brian39,3221,475.49,545.68
Smith-Harris,Administration,Alison Thompson,Thomas Clay,robertramirez@jensen.org,https://www.linkedin.com/in/wisetina,2631,165.9,196.26
Smith-Castro,Education,Bradley Sanchez,Nicholas Sanford DDS,wrightnathaniel@vaughan.com,https://www.linkedin.com/in/framirez,5385,177.4,249.52
Miller-Colon,Education,Felicia Bright,Danielle Hicks,edwardyoung@cooper.com,https://www.linkedin.com/in/jacksonjanet,6612,410.42,586.04
Watkins Inc,Retail,Jennifer Smith,Ariel Cunningham,beverly96@sloan.com,https://www.linkedin.com/in/xlynch,4903,146.86,199.96
"Freeman, Walton and Schroeder",Information Technology,Rachel Hayes,Kelsey Larsen,ralphmyers@jackson.com,https://www.linkedin.com/in/qfleming,5903,64.26,72.34
"Acosta, Martinez and Lucero",Information Technology,Mark Santana,Matthew West,singram@hartman.biz,https://www.linkedin.com/in/harrisonbrittney,8264,127.05,172.34
Gray Inc,Artificial Intelligence,Alyssa Moore,Dennis Brown,jasonhall@hale.info,https://www.linkedin.com/in/vtaylor,604,317.28,208.58
Johnson-Reyes,Retail,Karen Sims,Jeffrey Glenn,mgardner@baker-page.com,https://www.linkedin.com/in/beckersuzanne,6126,62.9,51.79
Harper and Sons,Retail,Charles Byrd,Stephanie Elliott,asmith@kent-anderson.com,https://www.linkedin.com/in/framos,2436,128.09,107.83
Smith PLC,Education,Barbara Foster,Joyce Mcfarland,qhernandez@reilly.net,https://www.linkedin.com/in/vmiles,6053,183.33,132.75
Mccoy-Martin,Manufacturing,Steven Ross,Reginald Mendez,nicholasrobertson@mitchell-taylor.com,https://www.linkedin.com/in/karen83,1400,35.57,47.14
"Little, Morris and Tapia",Manufacturing,Michael Bauer,Alexandra Soto,xpreston@johnson.com,https://www.linkedin.com/in/michael36,7452,460.16,258.03
"Jordan, Hayes and Robinson",Education,Theresa Barry,James Joseph,samuelcastaneda@sutton.biz,https://www.linkedin.com/in/thomasrebecca,7093,324.05,376.64
Aguirre-Fleming,Human Resources,Curtis Zimmerman,Sarah Valdez,ravery@perez.info,https://www.linkedin.com/in/crussell,7261,246.69,256.53
"Barajas, Lee and Franklin",Information Technology,Eddie Johnson,Brian Bailey,lcooper@kim.info,https://www.linkedin.com/in/hmcdonald,6056,454.28,575.76
Allen-Evans,Retail,Nicole Grimes,Kathleen Dickson,daniel13@owens-hicks.info,https://www.linkedin.com/in/jennifer53,1940,435.17,481.64
"Burns, Henry and Kramer",Retail,Julie Brown,Christine Wise,shane61@acosta-higgins.com,https://www.linkedin.com/in/zorr,307,484.06,387.2
Taylor-Jackson,Healthcare,Alexis Liu,John Barnett,sandra65@martin-mueller.com,https://www.linkedin.com/in/lucasmorgan,504,269.41,285.96
Jenkins-Wheeler,Finance,Robin Jackson,Michael Miller,stacywallace@quinn.com,https://www.linkedin.com/in/carrollwendy,829,464.71,653.73
Carter-Atkins,Human Resources,Christine Smith,Catherine Edwards,vancestephanie@garcia-carter.com,https://www.linkedin.com/in/amanda39,8120,456.57,491.31
"Johnson, Wilson and Peterson",Retail,Cindy Martin,Hannah Ryan,matthewstanley@cochran-jones.info,https://www.linkedin.com/in/wellstheresa,9858,70.49,71.12
Lee-Fuentes,Healthcare,Michael Solis,Rachel Nguyen,barrysoto@morales.com,https://www.linkedin.com/in/maureen49,1830,151.65,217.38
"Frye, Wallace and Jackson",Education,Jasmine Richardson,Ashley Evans,sheilamiller@johnson-stewart.com,https://www.linkedin.com/in/anamorgan,491,26.64,16.85
Martinez-Bryant,Healthcare,Christopher Jacobs,Peggy Schneider,jennifer55@bell.biz,https://www.linkedin.com/in/xmorgan,6821,314.24,172.11
"Ball, Stafford and Gonzalez",Information Technology,Brenda Cox,Whitney Harper,lewisdavid@williams.biz,https://www.linkedin.com/in/jadeschroeder,2863,91.22,103.29
"Patel, Warren and Wheeler",Administration,Patrick Anderson,Elizabeth Rose,sanchezdenise@hamilton.com,https://www.linkedin.com/in/ritterjoshua,2686,318.13,443.95
"Odom, Lewis and Huber",Information Technology,Jason Richards,Brandon Hebert,fwelch@lin-chan.com,https://www.linkedin.com/in/bowenmiranda,3060,319.16,224.44
Cook Ltd,Artificial Intelligence,Michelle King,Sharon White,lindaallen@beard.net,https://www.linkedin.com/in/janewillis,8480,123.33,132.94
"Cooper, Hardin and Jensen",Manufacturing,Daniel Walker,John Myers,diane15@sims.com,https://www.linkedin.com/in/wbuck,6270,94.03,116.03
Vaughan Inc,Artificial Intelligence,Autumn Haney,Adam Poole,douglasmosley@wiggins.info,https://www.linkedin.com/in/jonestony,6643,371.9,188.16
Jenkins PLC,Healthcare,David Fitzgerald,James Gardner,sanderscourtney@taylor.info,https://www.linkedin.com/in/andrea49,4091,476.53,322.05
"Rodriguez, Kim and Evans",Automotive,Diane Dyer,Terry Carey,sandycarroll@mcmillan-jacobs.com,https://www.linkedin.com/in/travisnovak,3158,58.54,34.43
"Hanna, Moses and Cobb",Administration,Chad Rowland,Karen Wilson,jlee@brooks-ayers.com,https://www.linkedin.com/in/hermanlouis,2747,316.0,456.18
Barrera-Ward,Education,Travis Dixon,Christy Williams,paularios@villanueva.com,https://www.linkedin.com/in/ggonzalez,2446,49.69,54.19
Thomas Group,Human Resources,Kyle Martinez,Tina Bailey,danderson@wilson-chandler.com,https://www.linkedin.com/in/jimenezlauren,5366,197.94,127.32
Wyatt-Erickson,Retail,Donna Le,Joshua Henry,april95@tran.net,https://www.linkedin.com/in/brandon51,245,252.4,365.38
Collins-Conner,Manufacturing,Joshua Pierce,Desiree Reese,qbaker@williams.com,https://www.linkedin.com/in/pamela67,1488,213.01,115.29
"Snow, Carter and Robinson",Manufacturing,Cameron Evans,Sherry Fuller,lwilliams@williams.com,https://www.linkedin.com/in/williamjones,3749,368.97,420.93
Davis Inc,Automotive,Michele Chapman,Rachel Perez,jessicahunter@johnson-patterson.info,https://www.linkedin.com/in/johnmarshall,8269,121.23,145.41
Smith PLC,Manufacturing,Christine Warren,Lori Goodman,michellemorgan@moore-hayes.info,https://www.linkedin.com/in/xryan,2008,265.75,222.23
"Lin, Hale and Davis",Healthcare,Cheryl Johnston,Shawn Mccarthy,katherineorr@edwards.com,https://www.linkedin.com/in/jason20,7392,366.76,280.61
Contreras-Guerra,Automotive,Melinda Gomez DDS,Curtis Ray,jacquelinewiggins@owen.org,https://www.linkedin.com/in/hullkimberly,23,313.1,229.58
Stewart and Sons,Education,Brandon Burns,Joseph Donovan MD,rebeccacarter@lewis.com,https://www.linkedin.com/in/elizabethphillips,7276,220.3,112.65
Mcintosh-Nichols,Artificial Intelligence,Katelyn Powers,James Hamilton,smithpaul@johnson.com,https://www.linkedin.com/in/mramirez,2974,280.66,277.03
"White, Gomez and Cervantes",Education,Mr. Geoffrey Bell,Lisa Petersen,michelle91@mendez.com,https://www.linkedin.com/in/richardspaula,9561,456.59,264.66
Hale Ltd,Administration,Kelly Thompson,Kevin Martinez,dnewman@stanley-hester.com,https://www.linkedin.com/in/leslie66,1831,119.3,75.29
"Phillips, Moss and Williamson",Education,Drew Kennedy,Lauren Miller,froberts@smith-dawson.com,https://www.linkedin.com/in/hwaters,7501,173.07,102.46
Dominguez-Garrett,Artificial Intelligence,Angela Nichols,Jordan Diaz,greenashley@cross.com,https://www.linkedin.com/in/julie53,548,47.59,32.82
Jacobs Ltd,Automotive,Richard Kaufman,Kimberly Williams,vlandry@johnston.net,https://www.linkedin.com/in/uperkins,4273,108.9,135.56
Castro-Watson,Artificial Intelligence,Kylie Ochoa,Peter Brown,valenciajames@harris-pugh.com,https://www.linkedin.com/in/dmoore,6584,191.49,103.43
"Ross, White and Smith",Administration,Mario Ray,Makayla Pearson,amanda96@greene.net,https://www.linkedin.com/in/cynthialee,3232,492.83,377.39
Mcknight-Scott,Artificial Intelligence,Jeffrey Garcia,Dr. Whitney Parsons,mooretyler@butler-jones.com,https://www.linkedin.com/in/gateserik,6776,49.69,25.8
Williams-Giles,Manufacturing,Omar Acosta,Amy Blair,kristen47@mitchell.biz,https://www.linkedin.com/in/lroberts,652,255.99,333.32
"Collins, Weeks and Crawford",Automotive,Daisy Hughes MD,Tammy Johnson,tbrown@bautista-calhoun.info,https://www.linkedin.com/in/efuller,2529,227.35,212.45
Jones-Pitts,Administration,Megan Fisher,Ryan Williams,kevin99@bass-guzman.com,https://www.linkedin.com/in/sierrafuller,4713,259.42,305.09
"Wood, Peters and Reynolds",Manufacturing,Roger Oconnor,Jessica Wallace,rowens@williams.com,https://www.linkedin.com/in/tiffanywilliams,4664,453.61,381.32
Williams-Jones,Healthcare,Dwayne Harris,Cindy Williams,blanchardlaura@walker.com,https://www.linkedin.com/in/cherylmontoya,948,183.91,171.68
Stein-Daniel,Information Technology,Vanessa Hicks,Taylor Todd,fsmith@smith.com,https://www.linkedin.com/in/colemanamy,1233,485.37,443.54
Chapman-Little,Human Resources,Jason Powers,Keith Weaver,marilynbrown@simpson.com,https://www.linkedin.com/in/dhall,7408,312.66,293.27
Hernandez-Nunez,Information Technology,Elaine Arellano,Thomas Miles,grossmichael@cooper.biz,https://www.linkedin.com/in/rivasalicia,7220,55.66,66.5
Cobb Group,Manufacturing,Danielle King,Ronald Best,hayesmaria@lewis.info,https://www.linkedin.com/in/hernandezandrew,5811,235.47,341.06
Whitney and Sons,Information Technology,Gary Hamilton,Anna Mcknight,kgreen@haynes.net,https://www.linkedin.com/in/asmith,5042,310.19,396.37
Taylor-Kirk,Education,Robert Chapman,Jennifer Pope,julie56@duffy-boyd.com,https://www.linkedin.com/in/zhodges,5696,396.16,207.51
Savage and Sons,Manufacturing,Jessica Park,Debbie Kemp,david19@chapman.com,https://www.linkedin.com/in/pottsmichael,3022,217.83,214.72
"Williams, Perez and Cummings",Human Resources,Jose Black,Keith Fletcher,howellcrystal@smith.net,https://www.linkedin.com/in/ayoung,904,134.17,78.77
Fields Group,Administration,Ashley Dean,Leslie Russell,smithjohn@peck-costa.com,https://www.linkedin.com/in/misty20,6892,240.95,156.92
Reese-Tran,Human Resources,Kyle Harris,Joseph Gonzalez,nicolepeck@liu.com,https://www.linkedin.com/in/emily06,3169,134.25,130.74
Cline-Bryant,Finance,Sarah Estrada,Robert Navarro,kryan@ramirez.net,https://www.linkedin.com/in/dustinsanders,5163,198.57,223.54
"Hernandez, Bishop and Schultz",Human Resources,Michael Collins,Amy Reyes,kathy07@sanchez-reynolds.com,https://www.linkedin.com/in/mmontgomery,2604,365.46,325.26
"Mckinney, Mcdonald and Adams",Artificial Intelligence,Patrick Combs,Gary Perkins,ronaldharrison@reynolds-fletcher.info,https://www.linkedin.com/in/lisacross,5517,482.92,416.58
"Nelson, Terrell and Thompson",Automotive,Benjamin Robinson,John Burton,crystal73@moore.com,https://www.linkedin.com/in/curtislisa,6997,422.51,447.43
Martinez-Scott,Human Resources,Michael Oconnor,Whitney Johnson,raymonddavis@le.com,https://www.linkedin.com/in/ellen68,5144,435.05,346.18
Macias Ltd,Manufacturing,William Morrison,Kyle Manning,william20@morgan.com,https://www.linkedin.com/in/stanley17,205,219.11,114.16
Bennett Inc,Information Technology,Mary Costa,Wendy Dominguez,garciajerry@mclean-rogers.org,https://www.linkedin.com/in/tiffanystevenson,5203,65.44,76.56
Smith-Cantrell,Education,Teresa Turner,Gary Brown,wuglen@rojas.com,https://www.linkedin.com/in/mcguiredennis,1697,247.76,300.05
Flores PLC,Automotive,Katherine Gross,Teresa Hawkins,parmstrong@lang.org,https://www.linkedin.com/in/lisaallen,8771,30.01,30.37
Stewart PLC,Information Technology,Scott Garza,Robert Mcdonald,agarcia@wagner.org,https://www.linkedin.com/in/james26,1189,359.45,485.56
Aguilar-Scott,Finance,Dominic Martin,Shane Lawrence,bryan06@thomas-oneal.biz,https://www.linkedin.com/in/aaronthompson,2542,235.85,295.11
"Perez, Campbell and May",Finance,Dylan Williams,Kristy Larsen,youngdaniel@ross.org,https://www.linkedin.com/in/barbara86,7111,465.34,269.95
Chandler PLC,Finance,Joshua Lopez,Jose Leonard,robertespinoza@armstrong-shelton.com,https://www.linkedin.com/in/mary33,8560,354.68,273.47
Collins-Jacobs,Manufacturing,Danielle Montgomery,Tina Silva,cindyjames@palmer-whitaker.com,https://www.linkedin.com/in/ginawilson,2733,349.68,211.53
Combs-Brock,Retail,Mr. Willie Jackson,James Moran,crystal35@carlson-woods.com,https://www.linkedin.com/in/mball,746,76.85,68.0
Moody-Dennis,Finance,Lisa Ford,Fred Williams,russellsylvia@sutton-steele.com,https://www.linkedin.com/in/christian72,5652,156.64,206.28
West Ltd,Information Technology,Frank Lopez,Mary Melton,lisagonzalez@forbes-stephens.biz,https://www.linkedin.com/in/michaelgilbert,389,43.7,26.12
"Rubio, Hernandez and Brooks",Education,James Summers,Denise Johnson,terri85@johnson.org,https://www.linkedin.com/in/desireeturner,7090,305.0,359.34
Thomas and Sons,Artificial Intelligence,Michael Madden,David Davis,alawson@whitehead.com,https://www.linkedin.com/in/stacylloyd,2977,447.59,471.83
"Gray, Pacheco and Thomas",Manufacturing,Michelle Smith,Joe Ross,jessica42@castro.com,https://www.linkedin.com/in/robertoconnor,8626,461.92,544.26
"Bartlett, Myers and Yoder",Artificial Intelligence,Emily Armstrong,Frank Conner,keith80@mitchell-davis.com,https://www.linkedin.com/in/tgutierrez,2755,139.3,197.96
Edwards and Sons,Finance,Joshua Gonzalez,Garrett West,agibson@miller.com,https://www.linkedin.com/in/khuffman,5353,64.85,67.11
Simpson-Day,Finance,Michael Peterson,Steven Franco,joshuarich@cortez.com,https://www.linkedin.com/in/joshua98,9007,81.66,79.87
"Wilson, Stevens and Best",Manufacturing,Candace Dyer,Angela Mccormick,jose03@rodriguez-greene.com,https://www.linkedin.com/in/bellheather,1060,308.58,375.43
Simmons-Steele,Artificial Intelligence,Jonathan Pearson,Raymond Strickland,melaniebrooks@hunter.com,https://www.linkedin.com/in/brian97,9668,5.17,5.37
"Sandoval, Evans and Ross",Human Resources,Dustin Booth,Lucas Hurst,michael53@rodriguez.com,https://www.linkedin.com/in/meredith63,5558,22.1,25.02
Hammond-Hayes,Education,Thomas Gutierrez,Timothy Acosta,peterschristopher@hall.com,https://www.linkedin.com/in/francisronald,5393,274.39,362.46
"Barron, Martinez and Moore",Education,Keith Malone DDS,Justin Phillips,ronaldhensley@white-brown.com,https://www.linkedin.com/in/qmejia,278,7.2,8.07
Hall-Marshall,Information Technology,Paul Boyd MD,Emily Newton,leamber@mitchell-richards.net,https://www.linkedin.com/in/jennifer09,6937,293.82,390.4
"Miller, Henry and Robinson",Healthcare,Gregory Jackson,Troy Caldwell,lsampson@beck.com,https://www.linkedin.com/in/stephaniepoole,9265,157.58,154.11
"Maynard, Hudson and Reed",Manufacturing,Andrew Jackson,Sarah Weber,ojuarez@martinez-rivas.org,https://www.linkedin.com/in/john36,973,40.54,42.92
Jackson-Patterson,Administration,Pamela Mullins,Anthony Johnson,teresazamora@daniels.org,https://www.linkedin.com/in/douglasjordan,5537,226.58,173.68
Khan Ltd,Information Technology,Andrew Santana,Mallory Lowe,bweaver@murphy.org,https://www.linkedin.com/in/kwilliams,7025,210.46,251.72
Rodriguez-Olson,Retail,Krista Smith,Mark Hays,walkerwilliam@hayes.com,https://www.linkedin.com/in/danielwest,6320,154.84,169.45
Brown Inc,Education,David Rice,Leslie Shepherd,qjones@stevens.biz,https://www.linkedin.com/in/sandyrivera,7219,247.18,139.43
Jensen and Sons,Finance,Christopher Hood,Gregory Malone,valeriemendez@bell.com,https://www.linkedin.com/in/bkoch,4259,359.96,320.12
Davila PLC,Education,Jessica Mendez,Latoya Abbott,qbrennan@moore-lloyd.com,https://www.linkedin.com/in/patrickbaker,441,97.41,84.83
Cortez-Blankenship,Automotive,Mr. Benjamin Cook,Melinda Jenkins,smithkeith@graves.com,https://www.linkedin.com/in/garciaerica,1928,350.8,339.79
Rhodes-Randall,Administration,Kenneth Williams,Natalie Johnson,brandon25@hughes-benitez.org,https://www.linkedin.com/in/johnsonpaul,5188,358.41,417.69
"Leonard, Barnes and Sweeney",Administration,Jared Pierce,David Randolph,hjohnson@gregory.biz,https://www.linkedin.com/in/romeroerin,6193,33.02,37.85
"Holland, Lopez and Jones",Information Technology,Kenneth Russell,Ronald Ortiz,bradleyjeffrey@jacobson.com,https://www.linkedin.com/in/goodlaura,4663,461.6,257.1
Brown Ltd,Healthcare,Patrick Howell,Robert French,aliciawhitney@peters.com,https://www.linkedin.com/in/joyceberry,9664,449.3,642.32
Beck-Garcia,Artificial Intelligence,Kevin Garcia,Patrick Fletcher,michael18@castro.com,https://www.linkedin.com/in/casey39,6232,310.75,411.02
"Pennington, Green and Perez",Education,Lisa Cortez,Amy Richardson,erogers@walker.biz,https://www.linkedin.com/in/travis91,1407,71.23,90.11
Blevins LLC,Healthcare,Kyle Moon,Nicholas Powell,johnsantiago@turner-martin.com,https://www.linkedin.com/in/rrasmussen,6185,442.77,609.65
Lopez Group,Information Technology,Melissa Frey,Jordan Maxwell,ronnietorres@cook.net,https://www.linkedin.com/in/angela39,3903,464.5,427.25
Todd-Allison,Automotive,Lance Chen,Mark Thomas,sototodd@mathews-berger.org,https://www.linkedin.com/in/dominiquebeasley,4454,372.35,371.28
"Walker, Osborn and Ewing",Retail,Valerie White,Susan Mayo,marcus22@massey-harvey.info,https://www.linkedin.com/in/dawn24,3535,473.46,412.62
Bennett and Sons,Artificial Intelligence,Bradley Jackson,Greg Riley,rachel65@haley.com,https://www.linkedin.com/in/thomascarter,3657,152.19,153.97
"French, Rose and Herrera",Healthcare,Matthew Mendez,Brian Kline,jessicayork@black.com,https://www.linkedin.com/in/saraacevedo,5505,324.66,377.54
"Hernandez, Quinn and Martinez",Manufacturing,Amanda Douglas,Veronica George,adennis@poole-gallagher.com,https://www.linkedin.com/in/mooreerin,5287,425.56,510.08
Madden and Sons,Education,Allison Morris,Richard Jones,lisa79@morales.com,https://www.linkedin.com/in/oford,1742,326.33,164.52
Orr-Williams,Healthcare,Jacqueline Brown,David Carroll,cleon@jarvis.com,https://www.linkedin.com/in/candersen,1935,168.2,230.2
Franco-Smith,Information Technology,Steven Oconnor,Alex Newton,ritterpenny@leach.com,https://www.linkedin.com/in/cochrankyle,5104,437.16,330.11
"Wagner, Aguirre and Miller",Administration,Sarah Hall,Alyssa Thompson,knappfranklin@dennis.com,https://www.linkedin.com/in/emaldonado,2267,439.54,396.4
"Rose, Perry and Schultz",Finance,Angela Hill,Lisa Castaneda,yangjamie@robinson-carter.org,https://www.linkedin.com/in/esmith,4029,440.18,396.83
"Tapia, Williams and Wright",Information Technology,Colin Ray,Penny Arnold,sarah69@rose-garrett.com,https://www.linkedin.com/in/johnsoncassandra,2502,17.57,20.25
Bridges-Craig,Administration,Gina Kim,Paul Hawkins,maria95@koch-knight.org,https://www.linkedin.com/in/ihuang,6073,43.46,34.23
Ellis-Nicholson,Human Resources,Tammy Lane,Caitlin Jefferson,matthewmcdaniel@thomas-walton.biz,https://www.linkedin.com/in/colemanmichael,5286,7.0,6.19
Riddle Group,Human Resources,David Russo,Nicole Howell,sarahlynch@waller-lopez.org,https://www.linkedin.com/in/alex64,8315,87.9,45.06
Evans-Jordan,Automotive,Jeffrey Wolfe,Crystal Gray MD,duranmelissa@gill-cross.net,https://www.linkedin.com/in/washingtonbarbara,703,373.69,552.49
Fitzpatrick-Ortiz,Finance,David Martinez,James Gomez,vfinley@flores-hicks.com,https://www.linkedin.com/in/wagnerrobin,8232,317.73,333.92
Marshall-Golden,Healthcare,Bruce Moore,James Kirk,deborah40@hahn-gonzalez.com,https://www.linkedin.com/in/michellecantrell,4286,399.44,415.74
Adams Inc,Retail,Ashley Rivera,Michael Lopez,luisparks@olsen-abbott.net,https://www.linkedin.com/in/misty83,2034,221.06,238.19
Perez-Barton,Retail,Helen Lawrence,Brandon Garcia,durhamwendy@hall.com,https://www.linkedin.com/in/bryanhall,8985,270.91,326.38
"Watson, Lawrence and Torres",Education,Chad Ponce,Christina Gomez,isullivan@johnson-smith.com,https://www.linkedin.com/in/catherine87,8741,175.99,155.96
Mcintosh LLC,Administration,Susan Barnes,Tara Ayala,hunter66@dennis.biz,https://www.linkedin.com/in/kimberly33,2813,455.6,400.38
Johnson-Barber,Manufacturing,Michael Garcia,James Perry,phillipsjeremy@carrillo.org,https://www.linkedin.com/in/alexandersexton,9635,286.12,380.5
"Romero, Smith and Anderson",Education,Carlos Banks,Gary Bennett,amy02@jones.com,https://www.linkedin.com/in/opeters,7640,86.11,46.0
"Moore, Vazquez and Cameron",Retail,Megan Matthews,William Mathis,jacquelinesantos@bennett.com,https://www.linkedin.com/in/robertstheresa,8823,258.08,311.01
"Bailey, Boone and Miller",Artificial Intelligence,Kevin Nelson,Rachel Hill,michaeljohnson@white.com,https://www.linkedin.com/in/david06,1172,323.1,444.88
Bowman Group,Finance,Craig Nelson,Frank Moss,pamreese@pineda-jennings.com,https://www.linkedin.com/in/phillipgray,9697,474.01,353.58
Garrison-Clark,Automotive,Cynthia Williams,Dana Beard,kristen76@moody.info,https://www.linkedin.com/in/rchung,1386,225.87,249.17
Brown PLC,Human Resources,Vanessa Matthews,Katherine Cobb,rodriguezjustin@kelly.net,https://www.linkedin.com/in/justinpeters,183,35.42,42.1
Terrell and Sons,Manufacturing,Alan Smith,Tiffany Munoz,wilsonbrooke@ellison.com,https://www.linkedin.com/in/wmedina,1480,419.84,217.7
Moore Inc,Education,Luke Becker,Brandon Suarez,steventorres@collins-johnson.com,https://www.linkedin.com/in/beckjennifer,9680,476.03,545.47
"Taylor, Garcia and Parker",Healthcare,Christian Cole,Monica Farrell,pgreen@murphy-garcia.org,https://www.linkedin.com/in/collinlewis,6279,459.96,672.55
Burke LLC,Manufacturing,Joseph Frazier,Linda Smith,bowmankara@schroeder.com,https://www.linkedin.com/in/evansjeffrey,8101,377.3,277.53
"Bowen, Andrade and Walker",Healthcare,Mr. Roberto Nelson,William Goodwin,michaelafowler@jenkins.com,https://www.linkedin.com/in/ugonzales,2170,423.55,606.55
"Gill, Kaiser and Moreno",Education,Catherine Jones,Michelle Miller,zachary17@reynolds.org,https://www.linkedin.com/in/dennis97,219,274.79,290.39
Perkins-Thompson,Retail,Gary Lawrence,Maurice Parker,kevinreynolds@ramirez.com,https://www.linkedin.com/in/ggood,6654,186.43,156.56
"Rogers, Kidd and Ruiz",Automotive,Sandra Johnson,Alyssa Lozano,dalton02@mitchell-caldwell.com,https://www.linkedin.com/in/suzanne94,5822,269.27,359.84
Savage-Stout,Artificial Intelligence,Claire Lawson,Anthony Jackson,hartphilip@johnston.com,https://www.linkedin.com/in/rogersashley,1289,217.83,257.73
Johnson-Lucero,Artificial Intelligence,Maria Jones,Antonio Garcia,susanhill@shaffer.net,https://www.linkedin.com/in/matthew14,3012,354.27,335.71
Davis-Freeman,Finance,Gary Lewis,Matthew Reed,watersalexandra@johnson.org,https://www.linkedin.com/in/drobertson,2826,306.39,193.37
"Miles, Sanders and Webb",Artificial Intelligence,Theresa Contreras,Brian Gonzalez III,cathy82@dawson.com,https://www.linkedin.com/in/elizabethaguirre,3431,51.24,49.75
Smith-Lester,Finance,Jeffrey Green,Elizabeth Allen,annasandoval@ray.biz,https://www.linkedin.com/in/swansonnatasha,7468,348.56,459.99
Foley-Cunningham,Retail,Jeffrey Blake,Daniel Carson,frichards@williams-smith.com,https://www.linkedin.com/in/edwardbuckley,4419,278.84,295.93
Edwards-Allen,Automotive,Edgar Snyder,Charles Evans,christie70@mccormick.com,https://www.linkedin.com/in/blakedunn,9056,122.47,153.04
Burns-Sullivan,Human Resources,Crystal Hart,Arthur Wright,danielrandy@roberts-simon.org,https://www.linkedin.com/in/luke81,5884,232.62,314.3
"Cooper, Davis and Walker",Education,Jessica Orozco,Sharon Mcbride,walterstina@wilson.com,https://www.linkedin.com/in/james33,7909,65.67,46.72
Figueroa Group,Administration,Dylan Garcia,Brenda Ballard,martinezjessica@mclean.com,https://www.linkedin.com/in/rosalesmaria,458,315.84,436.83
"Martinez, Chang and Cummings",Human Resources,Christopher Tran,Stacey Munoz,perrycolleen@nichols.com,https://www.linkedin.com/in/williamsaaron,9483,178.1,255.52
"Oliver, Padilla and Anderson",Manufacturing,Laura Smith,William Brooks,uward@coleman.com,https://www.linkedin.com/in/terri03,9115,173.05,125.35
Solis Group,Automotive,John Hughes,Mary Kirk,dawn97@saunders.com,https://www.linkedin.com/in/rachel93,5052,338.5,367.92
"Hughes, Smith and Jones",Manufacturing,Isaac Kirk,Cheryl Gonzales,daniellequinn@baker.com,https://www.linkedin.com/in/whitejimmy,3770,348.52,388.27
"Chan, Vaughan and Becker",Retail,Leah Chang,Scott Marshall,davidsonnicole@duran.com,https://www.linkedin.com/in/bprince,6374,228.22,175.79
"Myers, Moore and Lopez",Automotive,Cynthia Stewart,Robert Olson,itanner@barker.com,https://www.linkedin.com/in/austin47,1173,334.3,489.49
Colon and Sons,Automotive,Crystal Salazar,Timothy Anderson,pamela80@martin.org,https://www.linkedin.com/in/estafford,4360,489.88,411.7
"Armstrong, Roth and Lee",Automotive,George Rios,James Smith,gravesbryce@jimenez.info,https://www.linkedin.com/in/susan25,3940,157.34,118.97
"Acosta, Lee and Cantrell",Administration,Kathy Bryant,Desiree Guzman,llopez@johnson-mora.net,https://www.linkedin.com/in/zayala,2615,421.84,591.6
"Flores, Lewis and Powell",Education,Amanda Matthews,Brenda Acosta,sandra88@duran.com,https://www.linkedin.com/in/llambert,703,260.45,170.12
"Montoya, Kelley and Little",Human Resources,Robert Li,David Dennis,lunamelanie@horne.biz,https://www.linkedin.com/in/hendersontimothy,4206,448.41,322.48
Mayer-Mcdonald,Retail,William Frye DDS,April Yates,kimberlybell@franklin-smith.com,https://www.linkedin.com/in/emily31,7459,458.69,525.86
"Tate, Lee and Joseph",Retail,James Butler,Elizabeth Wallace,qjackson@vincent-mata.com,https://www.linkedin.com/in/clucas,2055,10.79,9.18
Walters-Thompson,Manufacturing,Heidi Martin,Anthony Hall,staceygray@gallagher-lozano.com,https://www.linkedin.com/in/vlane,5000,292.23,376.25
Newman-Green,Manufacturing,Leah Sharp,Angelica Frank,diana92@ortiz-juarez.info,https://www.linkedin.com/in/pearsonmarissa,4509,104.69,134.23
"Watson, Fisher and Myers",Automotive,Michael Wu,Gina Edwards,jonathan72@garcia.com,https://www.linkedin.com/in/downstracy,2928,135.4,180.51
Johnson-Yang,Information Technology,Patrick Johnson PhD,Eric Shepherd,xbrown@allen.org,https://www.linkedin.com/in/saunderstyler,4198,173.52,155.68
"Zimmerman, Walker and Mclaughlin",Administration,Melissa Rodriguez,Dawn Nichols,jacobadams@cervantes.com,https://www.linkedin.com/in/robert01,8366,130.32,169.87
Lee and Sons,Human Resources,Jessica Mcdonald,Rodney Alexander,ortizlance@mcmillan.biz,https://www.linkedin.com/in/kathleen32,2801,350.15,492.27
Stone-Stanton,Retail,Caitlin Kaiser,Lindsey Wise,wperkins@castillo-bennett.biz,https://www.linkedin.com/in/ujones,5109,486.51,409.83
Hoover Inc,Artificial Intelligence,Daniel Walker,Patrick Young,kjones@conway-garcia.net,https://www.linkedin.com/in/rnguyen,8465,278.4,347.92
"Hogan, Cruz and Davis",Retail,Richard Kane,Wesley Adams,allisonandersen@scott.com,https://www.linkedin.com/in/richardsonlauren,5651,240.67,333.3
"Key, White and Schwartz",Manufacturing,Isaac Johnson,Shannon Kelly,xpollard@mckinney-smith.com,https://www.linkedin.com/in/phillip90,9585,318.17,236.36
"Rodriguez, Jones and Rodriguez",Finance,Mary Lee,Brandi White,craigbutler@kim-chavez.net,https://www.linkedin.com/in/david43,442,227.69,233.9
Mason-Strickland,Human Resources,Daniel Allen,Cheryl Frederick,alutz@patton.net,https://www.linkedin.com/in/nortonmatthew,6923,433.45,495.94
"Foster, Wood and Ritter",Manufacturing,Shannon Sparks,Cheryl Hall,bethany17@pratt-woodard.com,https://www.linkedin.com/in/meganbrown,3212,29.52,26.75
"Rivera, Mack and Browning",Artificial Intelligence,Tamara Andrews,Jonathan Roy,brendamiller@harris.com,https://www.linkedin.com/in/dfitzpatrick,4261,158.93,209.04
Turner Ltd,Healthcare,Hunter Copeland,Larry Joseph,thomaswilkinson@martin.com,https://www.linkedin.com/in/stevenschristian,9665,337.36,175.35
Mendez-Armstrong,Education,Judy Shaw,Ashley Hanson,zachary05@garcia-barajas.org,https://www.linkedin.com/in/walterparker,9133,42.42,59.52
Rangel LLC,Manufacturing,Hannah Steele,Sherry Morales,patriciaperry@gomez.com,https://www.linkedin.com/in/eric90,614,458.26,484.64
Parker LLC,Retail,Douglas Dennis,Ashley Evans,markgarcia@mitchell.net,https://www.linkedin.com/in/qkelley,5272,292.81,266.84
Ruiz-Odom,Administration,Michael Schroeder,Connie Webb,tskinner@joseph.org,https://www.linkedin.com/in/wcastro,8153,309.88,215.58
"Cruz, Alexander and Parrish",Human Resources,Joseph Washington,Stephanie Bartlett,joseph43@burton.com,https://www.linkedin.com/in/stephanieklein,5834,58.19,57.76
Atkins Group,Retail,Melissa Huang,Kristen Castro,mwilson@trujillo-terry.biz,https://www.linkedin.com/in/heather58,3125,383.39,462.04
Marshall LLC,Healthcare,Mary Summers,Paula Edwards,bennettjoshua@rivera.com,https://www.linkedin.com/in/zacharyibarra,5341,9.97,8.39
"Graham, Campos and Allen",Automotive,Cody Bradford,Amy Phillips,george48@anderson.com,https://www.linkedin.com/in/vbrown,1667,122.92,91.7
Lee-King,Retail,Jose Calderon,Troy Silva,evansjennifer@miles.com,https://www.linkedin.com/in/ygonzalez,628,312.39,404.62
Fowler-Boone,Information Technology,Nancy Herrera,Christine Smith,andrewscourtney@fisher.com,https://www.linkedin.com/in/smithbrian,8323,377.35,506.55
Alvarado-Nicholson,Human Resources,Sean Hunt,Katherine Singleton,alison58@wilkerson.biz,https://www.linkedin.com/in/hcole,7805,24.57,30.43
Moore PLC,Education,Gregory Jensen,Michael Roberts,ssimon@rios-dixon.org,https://www.linkedin.com/in/kbrown,1757,177.6,199.69
"Thomas, Gomez and Horton",Administration,Linda Anderson,Ryan Johnson,orussell@adams-lopez.com,https://www.linkedin.com/in/amy26,2909,231.24,277.12
Brown-Ford,Information Technology,David Drake,Daniel Fernandez,tbrock@bowen.com,https://www.linkedin.com/in/austinleslie,1620,445.14,565.94
Robinson-Key,Retail,David Jones,Seth Adams,pgarcia@butler.com,https://www.linkedin.com/in/katiewilliams,2621,297.23,382.57
Cortez-Pittman,Artificial Intelligence,Lacey Clements,Richard Stone,jasmine37@mcdowell-ferrell.biz,https://www.linkedin.com/in/gwendolynperry,8203,412.03,300.64
Smith-Moore,Administration,Kathy Zamora,Sherri Thompson,wstephens@williams-adkins.com,https://www.linkedin.com/in/jacksondenise,6675,304.54,398.83
"Silva, Peck and Todd",Information Technology,Chad Horton,Christopher Jones,icamacho@jones.com,https://www.linkedin.com/in/bmartinez,7675,416.14,536.11
Russell-Castaneda,Retail,Courtney Lawrence,Teresa Jones,sherry02@payne-young.com,https://www.linkedin.com/in/brittneyjohnson,2434,318.99,222.98
Collins-Fitzgerald,Education,Cynthia Wilson,Sarah Wilcox,harrisamanda@zimmerman-carter.com,https://www.linkedin.com/in/kaylaterry,3759,69.45,50.34
Miller Ltd,Information Technology,Mr. David Madden II,Alexander Phillips,tammystevens@barajas.com,https://www.linkedin.com/in/jennifer31,6915,415.64,211.81
"Salas, Perry and Simon",Information Technology,Robert Russell,Patrick Gibson,johnsonkimberly@olson.info,https://www.linkedin.com/in/ejohnson,6404,348.3,484.22
Peterson-Munoz,Education,Jessica Ortiz,Misty Bennett,sherrymoore@brooks.com,https://www.linkedin.com/in/awarner,6671,494.41,464.29
Baker-Castillo,Manufacturing,Jeremiah Collins,David Drake,ilong@flowers-davis.biz,https://www.linkedin.com/in/klloyd,3679,165.48,166.35
Gonzalez Ltd,Automotive,Jennifer Byrd,Jeremy Barrett,tolson@white.com,https://www.linkedin.com/in/michael59,5882,25.12,30.73
White and Sons,Healthcare,Amber Maldonado,Clinton Washington MD,upena@roth-king.com,https://www.linkedin.com/in/adamkim,1446,182.1,180.92
Faulkner-Gregory,Artificial Intelligence,Henry Rivers,Jennifer Lang,kim31@day.com,https://www.linkedin.com/in/ryancordova,2176,356.6,381.9
Guerrero LLC,Retail,William Jackson,Austin Hess,hickscarrie@castillo-campbell.com,https://www.linkedin.com/in/linda82,5262,62.76,90.48
"Hays, Murphy and Fowler",Administration,Pamela Wilcox,Sonia Pitts,austinrivera@short.org,https://www.linkedin.com/in/dorseyjennifer,1093,71.46,46.79
Butler-Barron,Administration,Lauren Vang,David Graves,riverateresa@carpenter-roberts.com,https://www.linkedin.com/in/peckbrandon,7172,123.46,159.6
Hess LLC,Human Resources,Charles Schwartz,Jill Stephens,bbennett@haynes.com,https://www.linkedin.com/in/matthew32,9668,187.01,226.57
Barrett Inc,Education,Elizabeth Roberts,Joseph Frazier,dorothymcknight@gray.com,https://www.linkedin.com/in/kevinpeters,8692,235.7,224.87
Martin Group,Retail,Lauren Smith,Sarah Gibson,brownmary@hodge.com,https://www.linkedin.com/in/sarahmoore,9158,129.7,175.83
Jackson-Orr,Automotive,Alexandra Baker,Edward Elliott,ibaker@duke.com,https://www.linkedin.com/in/ysmith,5085,60.92,80.86
Wyatt Group,Retail,Larry Price,Eric Ford,john96@pittman-brooks.com,https://www.linkedin.com/in/lesliemullins,6660,146.32,93.09
Colon-Mullins,Administration,Melissa Ellis,Dr. Philip Dixon,anthonyrogers@fuller-haynes.info,https://www.linkedin.com/in/campbelljennifer,5778,144.92,165.83
Smith-Lewis,Automotive,Jennifer Roberts,Valerie Castillo MD,rcole@johnson-moore.com,https://www.linkedin.com/in/westjulie,1831,184.74,108.91
Hart PLC,Healthcare,William Lang,Theresa Johnson,elijahaguirre@burke.info,https://www.linkedin.com/in/kevinsantana,3304,9.44,8.86
House-Smith,Education,Peter Johnson,Rita Maxwell,coxkaren@salazar.net,https://www.linkedin.com/in/linda51,9385,369.76,434.22
Fisher and Sons,Information Technology,Brandon Forbes,Debra Baker,cmontgomery@anderson.com,https://www.linkedin.com/in/philipshaw,4912,350.54,510.1
"Smith, Pope and Glover",Retail,Wesley Keller,Joseph Gonzales,brios@norton.biz,https://www.linkedin.com/in/john81,4396,425.46,531.03
"Mack, Hall and Moran",Manufacturing,Danielle Palmer,David Mathis,ogallagher@phillips-jones.com,https://www.linkedin.com/in/hollandheidi,8450,447.96,558.72
"Harrington, Moses and Phillips",Automotive,Shannon Lawrence,Cheryl Sims,floreskristi@conner.com,https://www.linkedin.com/in/nicholaslucero,1057,237.12,236.88
Miller-Grant,Healthcare,Gina Maldonado,Amanda Richardson,samantha96@ramsey-sampson.com,https://www.linkedin.com/in/nicole22,3074,371.28,488.41
Hernandez Group,Administration,Paul Williams,Jamie Smith,jessica79@simpson.net,https://www.linkedin.com/in/gregory20,463,476.78,667.57
Robinson Ltd,Education,Todd Rose,Daniel Jimenez,elizabethbenitez@brown-odom.info,https://www.linkedin.com/in/johnbailey,3398,477.93,273.2
Kaufman PLC,Automotive,Julia Willis,Stacey Kelly,smithrachel@kidd.com,https://www.linkedin.com/in/gregory41,1218,323.11,384.19
Leblanc Group,Artificial Intelligence,Angelica West,Sara Hernandez,ocook@lewis-campbell.com,https://www.linkedin.com/in/rachelgutierrez,3183,402.1,344.89
Smith-Greene,Artificial Intelligence,Haley Aguirre,James Matthews,jamesstewart@keller.net,https://www.linkedin.com/in/bhall,9417,185.94,226.41
Silva Inc,Human Resources,Donna Daniels,Mr. Lawrence Taylor,pjohnson@burke-gillespie.com,https://www.linkedin.com/in/melissa10,3121,66.74,47.35
Daniels Inc,Automotive,Jasmine Brooks,Molly Curry,ryan97@marsh.info,https://www.linkedin.com/in/jonesdarrell,3741,379.78,375.78
Alexander-Allen,Education,Natalie Quinn,Robert White,cummingsanna@white.com,https://www.linkedin.com/in/daltondenise,7173,299.63,244.32
Molina LLC,Manufacturing,Jessica Burton,Robert Hartman,carpenterevelyn@hunt-ramos.net,https://www.linkedin.com/in/colleen82,77,7.44,8.4
"Palmer, Rodriguez and Jackson",Information Technology,Tammy Knapp,Maureen Maynard,sperez@hall-dawson.com,https://www.linkedin.com/in/nkeith,43,351.34,320.71
Adams-Shelton,Human Resources,Amanda Meyer,Christian Rush,scott59@mendez.org,https://www.linkedin.com/in/lewismark,297,121.72,127.95
Ward Inc,Artificial Intelligence,Veronica Schmidt,Joe Shaw,james65@moore-cobb.com,https://www.linkedin.com/in/kristen73,8175,411.82,208.98
Vang-Thomas,Artificial Intelligence,James Irwin,Dwayne Jarvis,justin12@wallace-hall.org,https://www.linkedin.com/in/virginiahatfield,455,187.47,108.95
Mathis PLC,Healthcare,Kimberly Fuller,Carlos Chavez,lmccoy@boyle.com,https://www.linkedin.com/in/cvazquez,6302,462.98,273.5
Gilbert and Sons,Artificial Intelligence,Zachary Mercer,Misty Walls,tgarcia@sullivan-proctor.com,https://www.linkedin.com/in/melaniefreeman,4668,11.01,13.23
Lin and Sons,Automotive,Emily Lowe,Joshua Jacobson,zmartin@flores-osborne.org,https://www.linkedin.com/in/rushmichael,9027,372.05,484.83
Clayton-Moore,Automotive,Joanna Ayala,Sarah Ortiz,willie22@aguilar-aguilar.com,https://www.linkedin.com/in/robertskeith,9325,470.52,514.8
Hardin-Curry,Human Resources,Christopher Livingston,Thomas Randall,igreer@fox.com,https://www.linkedin.com/in/murraymonica,3666,408.92,266.1
Jones-Smith,Retail,Jessica Wong,Nathan Benson,vwilson@bates-hart.info,https://www.linkedin.com/in/shannon39,1292,209.67,130.04
"Summers, Ferguson and Jackson",Education,Zachary Small,Jeanette Ellis,ytaylor@moore.net,https://www.linkedin.com/in/mmelendez,1976,70.44,50.72
Sullivan LLC,Education,Teresa Scott,Mary Espinoza,kaitlin47@rhodes.com,https://www.linkedin.com/in/ehahn,4730,294.39,408.8
Brown LLC,Finance,Laura Medina,Morgan Perez,douglasmartinez@anderson-king.com,https://www.linkedin.com/in/laura63,9821,497.99,697.19
Bowman-Yang,Education,Beth Aguilar,Michael Clark,smithmark@rojas.com,https://www.linkedin.com/in/jennifer98,7608,428.54,277.51
Wall-Schmidt,Education,Barbara Mitchell,Thomas Nichols,xanderson@fowler.org,https://www.linkedin.com/in/amandakelley,5347,193.87,135.13
"Cruz, Jennings and Gomez",Artificial Intelligence,Carla Guzman,Emily Shaw,ocollins@rios-williams.info,https://www.linkedin.com/in/mooremark,7081,51.71,32.15
Owens Group,Retail,Robert Lawrence,Scott Heath,jeremy11@bates.com,https://www.linkedin.com/in/trobinson,6369,248.24,293.18
Brown-Hanson,Finance,Steven Ortiz,Kimberly Hanson,erik75@ray-james.org,https://www.linkedin.com/in/calebschaefer,4749,329.23,336.39
"Johnson, Carr and Higgins",Finance,Christine Holmes,Yolanda Rodriguez,tamara36@poole.com,https://www.linkedin.com/in/pollardjames,1464,428.07,251.92
Steele-Davidson,Information Technology,Michelle Mckee,Jason Gordon,coxtyler@todd.com,https://www.linkedin.com/in/john45,5508,497.18,725.38
"Gibson, Greene and Wise",Artificial Intelligence,David Johnson,David Boyer,jenniferstanton@lutz.com,https://www.linkedin.com/in/perezeric,279,474.25,372.19
Clay Ltd,Human Resources,Robert Hobbs,Amber Knight,mckenzieamber@mcgee-bowers.com,https://www.linkedin.com/in/frose,1620,271.87,232.75
Robertson Inc,Healthcare,Melody Vasquez,Jasmine Rocha,kathleenevans@roberts-lopez.info,https://www.linkedin.com/in/hornejonathan,1965,297.39,233.76
"Thompson, Sullivan and Mckenzie",Information Technology,Mary Martin,Melissa Frederick,catherineramirez@johnson.com,https://www.linkedin.com/in/bryanlee,4636,490.72,475.85
Kennedy Ltd,Manufacturing,Adam Manning,Mr. Brandon Huerta,wyattwilliams@fischer.com,https://www.linkedin.com/in/susansmith,5117,100.82,88.72
"Wells, Hunt and Willis",Automotive,Andrew Pierce,Hannah Wagner,joshualopez@rios-cox.com,https://www.linkedin.com/in/bethanywhite,9576,345.41,320.93
"Foster, Williams and Gordon",Automotive,Laura Gonzalez,Angela Moore,robertsanchez@lopez.com,https://www.linkedin.com/in/john18,4939,297.84,299.09
"Parks, Vargas and Porter",Artificial Intelligence,Renee Carey,Matthew Smith,iangarcia@case.biz,https://www.linkedin.com/in/amber06,7842,28.93,19.91
Garrett-Mays,Automotive,Cameron Manning,Tammy Hunt,meyerpatrick@scott-smith.info,https://www.linkedin.com/in/franklinvictoria,1575,136.03,172.84
"Cochran, Chandler and Horton",Human Resources,William Parrish,Tamara Morton,jdavis@bell-lee.com,https://www.linkedin.com/in/anthony77,8902,126.43,155.75
Barnes-Estrada,Information Technology,Julia Mitchell,Kristie Snyder,adam19@brown.com,https://www.linkedin.com/in/jmorrison,2531,171.52,209.35
Todd-Harrison,Human Resources,William Ward,Sharon Gross,gibsonjorge@bishop-castillo.com,https://www.linkedin.com/in/zhall,9267,177.79,192.4
"Lee, Martin and Bell",Finance,Steven Mora,Samantha Johnson,kskinner@morris-kaufman.com,https://www.linkedin.com/in/vincent87,1875,464.13,692.3
Wells-Gardner,Information Technology,Gregory Mclean,Tracy Ramirez,phelpsmitchell@vargas.com,https://www.linkedin.com/in/erika90,3952,133.86,132.22
Schwartz Group,Healthcare,Zachary Brown,Cassandra Martinez,savannah30@evans.org,https://www.linkedin.com/in/patriciabecker,1511,38.23,31.06
"Sanders, Flores and Quinn",Information Technology,Larry Bradley,Ryan Hill,tcarter@campbell.com,https://www.linkedin.com/in/allison18,972,292.18,315.26
Garcia-Hendrix,Finance,Andrew Gillespie,Monica Rodriguez,amyperez@phillips-wall.biz,https://www.linkedin.com/in/jon17,2040,305.36,176.66
Lawrence Ltd,Retail,Ryan Landry,James Knapp,jonestiffany@walters.biz,https://www.linkedin.com/in/kaitlyncoleman,7861,447.58,463.48
Warner-Hodges,Automotive,Mary Baldwin,Cynthia Harmon,westrada@rodriguez.info,https://www.linkedin.com/in/kylevalentine,936,40.0,56.67
Williams-Guerra,Finance,Michelle Johnson,Nathan Cowan,twalton@brown.com,https://www.linkedin.com/in/pyoung,9014,470.13,324.4
Acosta Ltd,Finance,Nicole Parker,Jimmy Hernandez,hendrickschristopher@powell-reyes.org,https://www.linkedin.com/in/cmorales,8805,227.89,119.67
Bell-Ramos,Manufacturing,Jennifer Sanders,Timothy Hansen,bfloyd@estrada.org,https://www.linkedin.com/in/jodi64,4606,292.36,355.61
Meyer Group,Automotive,Brandy Cunningham,Alyssa Long,brendarich@wallace-black.com,https://www.linkedin.com/in/andersonangela,9147,176.08,108.45
Clark Ltd,Human Resources,Melissa Hall,William Thomas,egarcia@mccarty.net,https://www.linkedin.com/in/jameskelly,5992,349.15,462.25
Hinton Group,Administration,Jennifer White,Todd Weiss,lisa07@barrett.com,https://www.linkedin.com/in/martinlinda,8156,395.55,470.92
Booth-Porter,Information Technology,Mary White,Leslie Wise,gaustin@armstrong-blanchard.info,https://www.linkedin.com/in/nicholas90,134,224.33,167.17
"Martin, Russell and Taylor",Automotive,Lauren Delgado,Julia Marquez,ybarton@stephens-wallace.com,https://www.linkedin.com/in/kara75,7392,343.16,298.84
"Smith, Young and Baker",Manufacturing,Melissa Jones,Jenna Garcia,kaylapierce@sanchez.org,https://www.linkedin.com/in/michael21,9403,94.43,87.71
Fritz and Sons,Administration,Barry Holloway,Lisa Johnson,kgood@duran.com,https://www.linkedin.com/in/diana54,8043,100.45,87.89
Rodriguez-Richard,Artificial Intelligence,Chad Hudson,Sheila Garcia,darrencastillo@king.com,https://www.linkedin.com/in/montoyarobert,6260,308.02,368.91
Williams-Schneider,Artificial Intelligence,Matthew Gray,Rachel Villarreal,james80@sanchez-paul.biz,https://www.linkedin.com/in/coledaniel,1463,434.0,433.5
Reyes Inc,Administration,Gina Bender,Betty Dougherty,duarteashlee@carter.net,https://www.linkedin.com/in/ryancook,1239,222.37,242.08
"Foster, Ellis and Wright",Education,Victoria Francis,Amy Harvey,gibbscaitlin@smith.com,https://www.linkedin.com/in/thompsonlucas,4343,174.6,250.29
"West, Morales and Duncan",Human Resources,Richard Lucas,George Palmer,jacobhutchinson@thompson.biz,https://www.linkedin.com/in/michael91,5597,465.76,602.12
Stevenson Group,Information Technology,Charles Simpson,Lindsay Hoover,alvarezgilbert@bush.net,https://www.linkedin.com/in/ronald42,2273,495.01,592.59
"Grant, Aguirre and Solis",Education,Mandy Williams,William Walker,ritakane@green-aguilar.info,https://www.linkedin.com/in/markpatterson,3855,337.31,263.77
Figueroa PLC,Healthcare,Clayton Duncan,Scott Zamora,sthompson@bush-lewis.com,https://www.linkedin.com/in/pattersondonald,5981,342.15,275.46
Rose Inc,Finance,Barbara Compton,Alexis Chandler,rburnett@davis.org,https://www.linkedin.com/in/perezdavid,7634,154.08,190.12
"Shelton, Heath and Fox",Artificial Intelligence,Lee Flores,Terri Jordan,christopherkelly@ross.com,https://www.linkedin.com/in/williammiles,2410,482.73,333.35
Davis-Jackson,Automotive,Arthur Rowe,Jason Lambert,mark31@martin.com,https://www.linkedin.com/in/martinsusan,1587,387.88,521.12
Cunningham-Reese,Information Technology,Martin Cook,Lynn Shelton,daniel18@nichols.com,https://www.linkedin.com/in/michael04,3408,412.58,249.98
"Hernandez, Moran and Williams",Finance,Nancy Sims,David Hester,dennisaustin@sutton.com,https://www.linkedin.com/in/meganjohnson,259,37.69,41.71
Dawson Inc,Administration,David Hernandez,Julia Lowe,cookealexander@hull.com,https://www.linkedin.com/in/hschmidt,1882,137.05,106.15
"Mckee, Ramos and Howe",Retail,Angela Stokes,Teresa Holland,patricia61@hartman-daniels.net,https://www.linkedin.com/in/mwest,2229,433.88,345.6
"Green, Gray and Ruiz",Education,Charles Mclaughlin,Tammy Williams,brooksemma@massey.info,https://www.linkedin.com/in/ienglish,612,459.12,686.14
Dean Inc,Retail,Karen Lane,Darryl Brennan DVM,jessica70@salas.com,https://www.linkedin.com/in/donna25,2805,56.45,74.04
Robbins-Ponce,Education,Thomas Cooper,Glenn Landry,susan99@davila-figueroa.com,https://www.linkedin.com/in/gordondavid,5192,126.0,149.95
Ellison-Lloyd,Education,Mark Rogers,Tiffany Green,fullerangela@ray.com,https://www.linkedin.com/in/campbelldenise,1284,362.11,293.48
"Morris, Gonzalez and Oconnell",Information Technology,Samantha Sampson,Allison Hamilton,ejacobs@willis.com,https://www.linkedin.com/in/fharris,2635,113.41,95.92
Barrett PLC,Human Resources,Joshua Nguyen,Edward Copeland,amanda35@patrick.com,https://www.linkedin.com/in/bushdavid,9798,451.94,484.89
Pearson and Sons,Education,Kimberly Knox,James Cantrell IV,jcabrera@james-hart.info,https://www.linkedin.com/in/nealjoshua,7095,229.03,256.95
"Wong, Mcneil and George",Manufacturing,Jerry Thompson,Lindsey Jacobs,irodriguez@flores-randall.org,https://www.linkedin.com/in/juliehernandez,6003,174.15,186.2
Rodriguez PLC,Administration,Chris Powell MD,Jeffrey Kaufman,andrew02@williams.com,https://www.linkedin.com/in/hallchristine,6765,386.57,397.22
Smith-Hubbard,Artificial Intelligence,Sara Crawford,Ryan Hernandez,katherinewilliams@smith-moore.com,https://www.linkedin.com/in/bakercharles,9798,328.59,232.69
"Burke, Vega and Thompson",Retail,Sarah Cervantes,John Brennan,russotimothy@lopez.biz,https://www.linkedin.com/in/egallegos,220,200.58,201.06
Clark-Cox,Healthcare,Kevin Davis,Nichole Serrano,mward@chapman.info,https://www.linkedin.com/in/dannyholland,4586,106.94,88.18
Swanson-Johnson,Education,Cheryl Hernandez,Jordan Murray,zlindsey@perkins-rowland.org,https://www.linkedin.com/in/evanskathleen,8773,435.65,407.68
Morales Inc,Human Resources,Heather Garcia,Lauren Peterson,phillip48@little.net,https://www.linkedin.com/in/eileen84,1494,370.19,533.65
Johnson Group,Retail,Alexandra King,Mason Ford,gdavis@palmer.com,https://www.linkedin.com/in/terrisingleton,6606,201.1,298.12
Fischer Ltd,Human Resources,Amy Campbell,Kenneth Anderson,jasonsmith@contreras.com,https://www.linkedin.com/in/tiffany82,8614,178.84,110.79
Avila-Jones,Retail,Judith May,Paula Chapman,joseph91@rios.com,https://www.linkedin.com/in/vhull,1549,410.83,460.13
Hudson-Jones,Information Technology,Brian Malone,Christopher Collins,pamelarhodes@richardson.com,https://www.linkedin.com/in/steven94,5683,17.12,20.44
Coleman-Taylor,Education,Jessica Chen,Tina Wells,allenjanice@quinn-mason.com,https://www.linkedin.com/in/jonathan32,2521,205.66,184.71
"Adams, Madden and Gray",Education,Dustin Gonzalez,Angela Matthews,jessicazavala@fernandez.org,https://www.linkedin.com/in/gutierrezmelissa,6192,481.06,370.49
Glover LLC,Human Resources,Louis Watson,Andrea Long,davidthomas@king-mcclure.org,https://www.linkedin.com/in/jason03,4935,145.84,117.62
Thomas-Callahan,Administration,Charles Gonzalez,Kenneth King,gabriel79@griffin.com,https://www.linkedin.com/in/victoriamendoza,5446,76.36,102.4
"Hill, Lewis and Wong",Manufacturing,Elizabeth Anderson,Thomas Kelley,ubanks@russell.biz,https://www.linkedin.com/in/emilyfisher,2795,136.92,184.07
Lyons and Sons,Human Resources,Anne Bentley,Angela Simmons,victor07@bass.com,https://www.linkedin.com/in/johnmays,8630,395.03,484.91
Boyle Group,Healthcare,Jeremy Rodriguez,Cindy Clark,hardybrad@patel-cox.com,https://www.linkedin.com/in/xjones,1047,178.13,132.82
Terry LLC,Manufacturing,Deborah Sanchez,Christopher Roberts,russokimberly@rivera-gallegos.com,https://www.linkedin.com/in/medinatheresa,3671,282.68,210.33
Morales and Sons,Administration,Kathleen Brown,Sean Gross,hunterjennifer@delgado.com,https://www.linkedin.com/in/tammy34,3663,221.31,173.33
Fields Group,Automotive,Frank Hernandez,Brendan Tran,dylangarcia@schmidt.info,https://www.linkedin.com/in/barneselizabeth,2692,471.78,344.67
Santos Ltd,Retail,Natasha Norton,Edward Henson,stewartgregory@black.com,https://www.linkedin.com/in/brandonjohnson,9354,116.26,80.13
Shelton Ltd,Information Technology,Holly Hendricks,Nicole Snow,milleralexandria@george.net,https://www.linkedin.com/in/hernandezbenjamin,6112,287.48,423.86
Nelson-Chen,Automotive,James Villegas,Brenda Stewart,millermeredith@cobb-blackwell.biz,https://www.linkedin.com/in/rwarner,2089,404.57,454.2
Rios Group,Healthcare,Paul Berry,Christopher Jones,candice91@peck.biz,https://www.linkedin.com/in/christine89,4458,56.78,68.69
Kelly and Sons,Healthcare,Alan Morgan,Meghan Tyler,stanley74@kelly-anthony.info,https://www.linkedin.com/in/xriley,8617,293.89,406.3
"Williams, Carroll and Fox",Information Technology,Robert Anderson,Joyce Adkins,frankdestiny@perez-lawson.com,https://www.linkedin.com/in/samanthamcmillan,2739,124.51,71.59
"Vance, Lee and Lewis",Retail,Amanda White,Jonathan Martinez,lunacrystal@schmidt.com,https://www.linkedin.com/in/kmartin,6169,133.05,70.37
Carpenter and Sons,Human Resources,Christopher White,Mr. Tommy Jones,rodneygarcia@martin.com,https://www.linkedin.com/in/gravesmolly,4858,206.07,296.35
"Simpson, Smith and Pierce",Manufacturing,Brittany Hernandez,Maria Erickson,amandachambers@ramirez.com,https://www.linkedin.com/in/michaelmitchell,3212,303.98,315.68
Vasquez-Nelson,Manufacturing,Karina Carrillo,Zachary Singh IV,scross@ortiz-wilkins.biz,https://www.linkedin.com/in/christopher69,6038,165.15,115.41
Williams-Anderson,Administration,Anthony Miller,Todd Carroll,sanchezjames@jackson-merritt.com,https://www.linkedin.com/in/gking,8844,294.74,328.29
Rogers and Sons,Administration,Jamie Mcdaniel,Michael Martin,jacob70@rowland-oneal.com,https://www.linkedin.com/in/leslie90,9442,109.52,161.6
Thomas-Oneal,Administration,Jorge Davis,Benjamin Butler,bkirby@garcia.org,https://www.linkedin.com/in/denise48,1964,372.88,512.6
Mercado Ltd,Manufacturing,Julie Wood,Joshua English,blackangela@cardenas-franklin.com,https://www.linkedin.com/in/pmcguire,3806,179.6,254.07
Carroll-Jones,Finance,Dr. Brian Thompson,Rachael Buckley,wrussell@small.biz,https://www.linkedin.com/in/sduncan,5687,268.71,225.64
Thomas-Johnson,Information Technology,Ashley Henson,Reginald Hernandez,greenscott@cooper.com,https://www.linkedin.com/in/luisharris,528,244.75,307.26
Cline Group,Manufacturing,Jordan Hensley,Marissa Leon,david90@rogers.com,https://www.linkedin.com/in/dthomas,4050,166.27,118.76
Mendez LLC,Administration,Kimberly Oconnell,Paul Rose,bonnie99@martin.net,https://www.linkedin.com/in/ramirezsean,6816,435.78,317.74
"Schroeder, Porter and Steele",Automotive,Vanessa Evans,Shaun Shaw,hyoung@rodriguez.net,https://www.linkedin.com/in/isaiahlopez,8668,135.77,74.64
"Santos, Miller and Arroyo",Artificial Intelligence,Bobby Johnson,Gerald Brooks,danieltrujillo@miller.com,https://www.linkedin.com/in/athomas,264,293.24,187.21
Cummings-Liu,Retail,Joseph Anderson,Melissa Johnson,michellepayne@austin-meyer.com,https://www.linkedin.com/in/harrismichael,5576,60.69,69.49
Walter-Jackson,Retail,Melissa Sloan,Dawn Johnson,richard29@robinson.com,https://www.linkedin.com/in/caustin,1618,229.71,231.17
"Johnson, Butler and Rice",Artificial Intelligence,Gregory Gentry,Rebecca Watkins,kimberly41@rowland.com,https://www.linkedin.com/in/robin03,9965,431.15,419.22
"Mathis, Serrano and Thompson",Human Resources,Barbara Ellis,Lori Moyer,nicholassmith@anderson.com,https://www.linkedin.com/in/kevinmann,5623,243.3,290.42
"Rivera, Beck and Carter",Healthcare,Regina Williams,Katelyn Cummings,castillobrandon@sexton.biz,https://www.linkedin.com/in/uwalsh,3229,276.26,246.12
King-Bishop,Artificial Intelligence,Fred Watkins,Sophia Rodriguez,gkramer@pham.com,https://www.linkedin.com/in/thall,3244,84.45,95.96
"Reynolds, Taylor and Beasley",Information Technology,Linda Huynh,Anna White,justinmoran@stewart-patel.biz,https://www.linkedin.com/in/josephbradley,80,231.45,260.94
"Kennedy, Ellison and Davis",Administration,Lisa Jones,Brittney Thompson,todd34@rice.com,https://www.linkedin.com/in/zimmermanpatricia,6836,127.83,177.51
Hernandez Ltd,Administration,Aaron Kim,Brianna Johnson,perryarthur@wood.net,https://www.linkedin.com/in/hillkatrina,9897,17.84,18.24
Young Ltd,Automotive,Cody Wu,Shelby Costa,gregoryhernandez@robinson.com,https://www.linkedin.com/in/jnixon,1816,233.1,190.62
Carr-Banks,Administration,Kathryn Barnes,Marisa Sanchez,george65@patterson-allen.info,https://www.linkedin.com/in/yhowell,8827,337.93,446.46
Drake PLC,Finance,Michael Wright,Cheryl Ball,dustin44@collins.com,https://www.linkedin.com/in/jose18,3819,78.35,102.02
"Terry, Vargas and Rangel",Finance,Noah Oconnor,Kathryn Hardin,jacobsgina@schultz.biz,https://www.linkedin.com/in/richard42,493,386.52,316.39
Lopez PLC,Retail,Tracey Schroeder,David Buckley,crose@willis.info,https://www.linkedin.com/in/charlesharrison,1942,391.12,261.18
Fox-Waller,Automotive,Cody Barton,Marilyn Richardson,wtorres@morgan.com,https://www.linkedin.com/in/johnkelly,367,106.64,126.2
"Holland, Anderson and Booth",Information Technology,Thomas Gonzalez,John Chase,pamelajackson@stone-howell.com,https://www.linkedin.com/in/farmerroger,9353,171.68,196.78
"Murphy, Weiss and Montoya",Human Resources,Rachel Simmons,Donald Miller,daniel85@maynard.com,https://www.linkedin.com/in/pattonfernando,5319,438.83,244.55
Ortiz-Washington,Retail,Carl Fox,Jessica Brown,dunlapbenjamin@cannon.org,https://www.linkedin.com/in/thompsonalbert,6476,178.39,257.04
Edwards-Townsend,Manufacturing,Rebecca Barrett,Brad Jordan,floresgregory@mccann-cardenas.com,https://www.linkedin.com/in/hornhannah,1680,294.25,216.52
Henderson-Thompson,Information Technology,Jose Villa,Denise Allen,schneiderdustin@marsh-burke.com,https://www.linkedin.com/in/ggarcia,8658,226.86,162.85
Figueroa-Ewing,Manufacturing,Regina Ibarra,Michael Green,jonesmargaret@vazquez.biz,https://www.linkedin.com/in/jessicahughes,8938,407.45,476.4
Martinez-Lang,Administration,Steven Black,Ashley Payne,yhernandez@freeman.info,https://www.linkedin.com/in/stevenconley,5568,134.89,158.74
Ray LLC,Information Technology,Kelly Mcguire,Erik Hudson,ubell@pacheco.info,https://www.linkedin.com/in/morajames,8821,11.16,10.49
Rodriguez-Anderson,Retail,Kelly Massey,Roberto Cervantes,cynthiasmith@anderson.info,https://www.linkedin.com/in/amacias,6530,439.43,616.32
"Conrad, Wells and Mitchell",Retail,Russell Zamora,Jessica Foster,hannah71@carney-owens.org,https://www.linkedin.com/in/amysimpson,3054,94.43,134.97
"Carrillo, Lam and Tran",Education,Stephen Reed,Colton Johnson,dustin63@fox-wilson.org,https://www.linkedin.com/in/pbrown,5218,330.86,224.14
"Lee, Potter and Webb",Human Resources,Christine Nelson,Jason Morris,andrewwhite@thompson-thompson.info,https://www.linkedin.com/in/david07,2686,6.92,5.15
"Burnett, Vaughn and Brewer",Administration,Raven Jones,Tiffany Madden,martinezhannah@rogers-faulkner.com,https://www.linkedin.com/in/erandolph,342,450.35,295.52
Nash Inc,Human Resources,Dr. Shawn Cardenas,Lindsay Reeves,angela72@brandt.com,https://www.linkedin.com/in/cjennings,2642,383.39,361.08
Hernandez-Williams,Manufacturing,Belinda Harris,Hailey Little,caitlynmiller@watson-coleman.com,https://www.linkedin.com/in/iharris,7563,411.27,538.82
Cooper-Nguyen,Retail,Dominique Cole,Jamie Kidd,fmccoy@brown.com,https://www.linkedin.com/in/kurt74,9675,413.84,599.32
"Harrison, Adams and Taylor",Automotive,Victor Stout,Dorothy Johnson,thomaschristopher@mack.info,https://www.linkedin.com/in/oconnoradam,647,343.68,316.96
Harper LLC,Automotive,Mr. Andrew Case,Pamela Williams,torresjennifer@everett.org,https://www.linkedin.com/in/smithkevin,28,260.77,381.61
"Wang, Salinas and Williams",Artificial Intelligence,Jenna Nichols,Scott Howard,hernandezpamela@dyer.com,https://www.linkedin.com/in/codystrickland,2915,293.62,298.62
Williams LLC,Automotive,Tracy Wheeler,Joel Miller,peter69@watson.com,https://www.linkedin.com/in/msmith,4978,394.24,546.06
"Hanson, Hart and Matthews",Retail,Beth Cooper,Kim Gonzalez,brent96@lutz-watkins.info,https://www.linkedin.com/in/nicolebeard,405,55.22,38.23
Williams-Riley,Administration,Lindsay Walker,Timothy Conway,wrightjames@park.com,https://www.linkedin.com/in/cassidy70,3990,268.99,188.45
"Moore, Golden and Gay",Automotive,Edward Reyes,Katherine Martin,xyoung@hudson.com,https://www.linkedin.com/in/renee37,6194,493.17,641.78
Ward LLC,Retail,Glen Smith,Guy Walton,isanchez@lewis-morrison.net,https://www.linkedin.com/in/wwatson,7747,211.38,268.02
Davis-Pollard,Artificial Intelligence,Hunter Gomez,Derrick Garcia,diane24@ibarra-torres.info,https://www.linkedin.com/in/bramirez,2882,134.13,148.01
"Hart, Rice and Mcgrath",Healthcare,Kenneth Simpson,Melissa Larsen,talvarez@peterson-williams.org,https://www.linkedin.com/in/vharding,2052,469.91,266.96
Ramirez Inc,Human Resources,Brian Walker,Virginia Parker,chaneybenjamin@juarez-davis.org,https://www.linkedin.com/in/inewman,6681,219.58,286.31
"Allen, Lopez and Rivera",Retail,Christopher Reynolds,Cody Bass,williamsfrances@parker.com,https://www.linkedin.com/in/morgancole,5137,289.22,162.54
Barker Group,Finance,Brian Murphy,Catherine Wise,salinasevan@collins.com,https://www.linkedin.com/in/tonyaward,9561,269.54,314.97
Johnson LLC,Education,David Smith,Sandra Mccoy,xbowman@mack.org,https://www.linkedin.com/in/watersrobert,8564,59.17,74.15
Tucker Ltd,Automotive,Marc Walker,Keith Garcia,wallangela@joseph.com,https://www.linkedin.com/in/ogeorge,6636,312.38,226.19
Diaz PLC,Artificial Intelligence,Kevin Hawkins PhD,Amy Richardson,colin80@griffin.com,https://www.linkedin.com/in/romanerica,2262,257.14,276.07
Simpson-Lopez,Finance,Sandra Erickson,Jamie Gamble,lynn66@berry.com,https://www.linkedin.com/in/sandra11,1539,205.74,200.49
"Ball, Dunlap and Porter",Finance,David Washington,Teresa Joyce,hmccarthy@cruz-lowe.com,https://www.linkedin.com/in/ybrown,212,19.69,28.89
Bautista and Sons,Education,Sharon Patton,Cheryl Kennedy,valenciakayla@phillips-myers.com,https://www.linkedin.com/in/guerrerokathleen,2248,225.79,301.01
Larson-Myers,Manufacturing,Lisa Hansen,Chad Berg,kimberlyfarmer@dudley-banks.org,https://www.linkedin.com/in/cbooker,3949,403.55,241.52
"Kelly, Roberts and Bryant",Retail,Brandon Sanchez,Caitlin Calderon,iespinoza@fields.com,https://www.linkedin.com/in/edwin98,4922,106.49,96.66
"Holloway, Baldwin and Odom",Retail,Justin Jackson,Denise Key,evanstaylor@thomas.com,https://www.linkedin.com/in/jessicaanderson,7686,273.12,160.46
"Porter, Ross and Love",Healthcare,Joshua Hancock,James Wolfe,jennyjacobson@hernandez.biz,https://www.linkedin.com/in/arogers,5730,267.86,381.7
"Gonzalez, Glenn and Kelley",Healthcare,Angela Peterson,Rebecca Parker,xpineda@roberts-coleman.com,https://www.linkedin.com/in/campbellkurt,1394,144.66,79.6
Day and Sons,Artificial Intelligence,Matthew Newman,Devon Strickland,johnny09@cuevas-hodge.info,https://www.linkedin.com/in/powelldanny,6278,295.12,148.7
Crawford and Sons,Healthcare,Joan Ellis,Patricia Baker,collinsmichael@golden.com,https://www.linkedin.com/in/allengary,2305,310.89,201.03
Barajas PLC,Administration,Lance Blake,Jessica Lewis,kstafford@williams.com,https://www.linkedin.com/in/raymond14,6784,155.88,113.64
Henry LLC,Finance,Laura Fox,Trevor Norman,woodsbob@alvarado-johnson.com,https://www.linkedin.com/in/robert20,9952,28.83,38.93
"Smith, Benjamin and Cross",Artificial Intelligence,Tonya Levy,Lisa Powell,upeterson@walker.org,https://www.linkedin.com/in/jonessarah,2158,69.27,58.3
Waters and Sons,Healthcare,Anthony Lynch,Taylor Spencer,david71@turner-anderson.biz,https://www.linkedin.com/in/ameyer,2412,110.45,75.07
"White, Pearson and Bell",Administration,David Patel,Joshua Brown,yreid@stone.com,https://www.linkedin.com/in/ryanmichael,9654,81.8,109.24
Davis Group,Healthcare,Ashley Santiago,Karen Anderson,vcummings@sanchez.net,https://www.linkedin.com/in/hmcpherson,2878,43.1,62.11
"Jones, Flores and Mcintosh",Retail,Douglas Fields,Whitney Ramirez,ryansmith@mitchell.org,https://www.linkedin.com/in/david67,2837,351.06,256.95
"Peterson, Williams and Morse",Healthcare,Victoria Jimenez,Rick Vega,marcustaylor@jackson.com,https://www.linkedin.com/in/eweber,267,280.65,359.22
Hodge LLC,Healthcare,Krista Carrillo,Cassandra Thomas,suzanne96@arnold.biz,https://www.linkedin.com/in/smithlaurie,574,276.26,301.72
Barajas Group,Automotive,David Gillespie,Elizabeth Vazquez,fdorsey@little.net,https://www.linkedin.com/in/james91,3441,327.51,271.6
Ford Group,Manufacturing,Karen Walter,Teresa Spencer,scobb@lindsey-fry.org,https://www.linkedin.com/in/christophermcdonald,9712,51.82,72.21
Bentley-Wilson,Automotive,Pamela Becker,Mary Moore,millersara@rogers.com,https://www.linkedin.com/in/michael07,5311,437.59,623.05
Johnson-Nichols,Information Technology,Olivia Francis,Jessica Gaines,gbrown@peters.info,https://www.linkedin.com/in/johngeorge,6312,148.29,121.49
"Duncan, Ashley and Jones",Healthcare,Hunter Gates,Joshua Martin,davidwilliams@flores-haas.net,https://www.linkedin.com/in/amymartin,4456,440.06,314.61
"Obrien, Kane and Cooper",Administration,Timothy Carlson,Ethan Cortez,gutierrezmichael@mooney.com,https://www.linkedin.com/in/keith98,2696,209.94,198.0
Pham LLC,Automotive,Olivia Parker,Alison Scott,johnlewis@benson.com,https://www.linkedin.com/in/nelsonethan,5292,242.58,177.56
Smith-Contreras,Retail,Luis Alvarez,Suzanne Butler,gina85@lawson-johnson.net,https://www.linkedin.com/in/amber00,44,131.96,88.69
"Meyer, Hood and Cooper",Artificial Intelligence,Erin Hess,Danielle Johnson,bauermichael@callahan.com,https://www.linkedin.com/in/rachelwebster,615,467.32,428.15
"Smith, Ramirez and Schultz",Healthcare,Janet Navarro,Taylor Weaver,margaretjordan@horton-griffith.net,https://www.linkedin.com/in/epacheco,4342,165.41,179.66
Cochran-Santana,Administration,Leslie Wright,Justin Anderson,cassandra12@hutchinson-evans.com,https://www.linkedin.com/in/courtney04,7039,463.8,502.01
Phillips-Moran,Education,Shannon Arnold,Vincent Hayes,jocelyn29@lee.com,https://www.linkedin.com/in/ashley90,443,438.53,646.37
"Ray, Hale and Montgomery",Administration,Melissa Adams,David May,bsantos@ewing.com,https://www.linkedin.com/in/lmorgan,3252,55.08,48.96
"Clements, Carrillo and Juarez",Administration,David Andrade,Jessica Waters,debrapalmer@singh.com,https://www.linkedin.com/in/jacksonjared,868,144.82,144.37
Preston-Brown,Education,John Marshall DVM,Kevin Holmes,jonesjesse@alvarez.biz,https://www.linkedin.com/in/amanda78,6357,214.32,139.68
Rogers-Garcia,Finance,Trevor Valenzuela,Jason Bennett,hatfieldrebecca@montgomery.info,https://www.linkedin.com/in/larry96,8875,478.04,460.6
Hoover-Hall,Education,Regina Orr,Stephanie Navarro,reyessonya@yang.biz,https://www.linkedin.com/in/joseph29,4563,289.24,220.27
"Ramos, Burnett and Avila",Manufacturing,David Martinez,Courtney Shaw,qnorris@clark.info,https://www.linkedin.com/in/austintamara,6352,397.15,478.63
"Munoz, Calderon and Lam",Retail,Jacob Copeland,Thomas Phillips,pattersonmichael@fields.com,https://www.linkedin.com/in/michelleschultz,5074,330.11,172.19
Martinez and Sons,Automotive,Terry Hall,Matthew Velasquez,james22@campbell.biz,https://www.linkedin.com/in/zrobinson,7999,172.54,114.82
Cameron-Fischer,Automotive,Laura Byrd,Jessica Spears,thomascrystal@harper.com,https://www.linkedin.com/in/brandoncrane,8769,86.64,97.39
Davis-Butler,Automotive,Thomas Lewis,Gregory Welch,mferguson@castillo.info,https://www.linkedin.com/in/howardalexander,5869,355.83,365.48
Bennett-Moore,Administration,Timothy Chavez,Lori Beck,alexander12@thomas-moore.com,https://www.linkedin.com/in/johnsonsamantha,1727,382.45,438.88
"Robinson, Moore and Woods",Manufacturing,Ashley Lyons,Courtney Jackson,fward@baker.com,https://www.linkedin.com/in/pierceheather,5065,6.65,7.61
Williams-Myers,Manufacturing,Samuel Doyle,Amanda Woods,wadepamela@martinez.com,https://www.linkedin.com/in/angela39,242,200.52,158.86
Mcintosh Ltd,Education,Deborah Lee,Heather Jones,cynthia55@clark.org,https://www.linkedin.com/in/ustevens,737,324.97,254.54
Smith and Sons,Manufacturing,Robert Kent,Matthew Parker,kevin53@hall-thompson.net,https://www.linkedin.com/in/julia87,9479,408.53,553.17
Porter PLC,Administration,Jessica Landry,Autumn Brown,cindygoodman@wood.com,https://www.linkedin.com/in/jasonfisher,4693,74.11,96.73
"Green, Jones and Perez",Retail,Mike Ward,Michael Watts,bvega@gordon.com,https://www.linkedin.com/in/hfitzgerald,5435,418.92,393.71
Chang PLC,Healthcare,James Hernandez,Jared Peterson,christopher69@hutchinson-huang.com,https://www.linkedin.com/in/campbellchad,7058,155.55,220.96
Noble Group,Artificial Intelligence,Michael Anthony,David Wilson,riveraandrew@henderson.com,https://www.linkedin.com/in/thomasflowers,414,252.32,148.15
Hoover-Fox,Manufacturing,Carrie Bennett,Shannon Morgan,kaylacohen@james.com,https://www.linkedin.com/in/blanchardelizabeth,4342,442.38,490.45
Madden-Nicholson,Education,Heidi Gentry,Anna Brown,nmalone@camacho-escobar.info,https://www.linkedin.com/in/holtjamie,8709,111.75,128.04
Klein-Evans,Education,Deanna Davidson,Colleen Sanchez,ebrown@skinner.com,https://www.linkedin.com/in/brookesolomon,1149,474.8,439.68
Harper-Harvey,Healthcare,Candice Ford,Jorge Parsons,savageandrew@pennington-taylor.biz,https://www.linkedin.com/in/charlestapia,2853,413.82,404.74
Swanson-Campbell,Finance,Raymond Powell,Amanda Trevino,xwhitaker@johnson.biz,https://www.linkedin.com/in/alan63,393,69.73,74.13
Mueller-Odom,Human Resources,Dawn Freeman,Sarah Hampton,bsmith@rivera.net,https://www.linkedin.com/in/omiller,3681,216.99,125.07
Cook LLC,Finance,Clayton Mcdonald,Jennifer Garcia,william48@holt.com,https://www.linkedin.com/in/aaronchan,4975,188.56,222.54
"Myers, Bowman and Perez",Automotive,Anthony Morris,Robert Jennings,weberandre@rollins-ortega.com,https://www.linkedin.com/in/briana23,9513,334.85,438.84
Williams-Bowman,Human Resources,Stacey Noble,Connor Velez,cruzjulia@murphy.com,https://www.linkedin.com/in/laura04,1131,67.82,61.84
Kelly-Young,Information Technology,Maria Finley,Brian Jones,thomas01@mcconnell.com,https://www.linkedin.com/in/christian77,5139,375.91,260.89
Allen and Sons,Finance,George Bennett,Mitchell Lee,mcphersondenise@ramsey-gonzalez.com,https://www.linkedin.com/in/armstrongmatthew,4884,130.06,95.38
Burton PLC,Retail,Jason Berg,Wendy Freeman,dsmith@smith.net,https://www.linkedin.com/in/ualvarez,3131,347.71,253.87
Garcia-Farley,Manufacturing,Belinda Frye,Kevin Farrell,clarkdenise@clark.com,https://www.linkedin.com/in/karen91,1297,74.05,58.72
Livingston PLC,Automotive,Steven Taylor,Sheryl Wilson,snowalexandra@smith-foster.com,https://www.linkedin.com/in/beckyporter,6515,112.8,150.03
Fisher PLC,Administration,Lee Turner,Sarah Lopez,michael75@brown-frazier.org,https://www.linkedin.com/in/jamesmalone,3327,266.8,267.26
Christian-Tran,Retail,Carla Jenkins,Tracy Collins,herbert75@martin.biz,https://www.linkedin.com/in/sanchezdavid,8772,21.69,23.71
Adams-Martin,Retail,Logan Waters,Brenda Johnson,stevensdanielle@conway.net,https://www.linkedin.com/in/vwalters,3718,485.44,395.92
"Gonzalez, Thomas and Ortiz",Education,Kimberly Anderson,Christine Hill,stephanie00@adams.com,https://www.linkedin.com/in/bwilliams,4952,353.98,232.36
"Paul, Myers and Richardson",Manufacturing,John Dunlap,Amanda Curtis,laurenwilliams@smith-key.org,https://www.linkedin.com/in/christine76,9570,198.52,261.42
Fernandez Inc,Artificial Intelligence,Dr. Melissa Castro,Marie Lee,millerjulie@nguyen-price.org,https://www.linkedin.com/in/vanessa80,9029,74.63,56.97
Wilson PLC,Education,Dr. Eric Rogers Jr.,Mrs. Sabrina Arnold,smithheather@spencer.info,https://www.linkedin.com/in/rhuber,1967,372.42,197.66
Duncan and Sons,Automotive,Joshua Strong,Jesus Davis,jenniferlopez@williams-west.com,https://www.linkedin.com/in/pgreen,2158,139.04,121.29
Gaines Ltd,Manufacturing,Mikayla Raymond,Sydney Nelson,jpeck@gray.org,https://www.linkedin.com/in/vangmichael,983,279.63,340.45
Bird Group,Retail,Kaitlyn Harmon,Nathan Chavez,susan02@shea.com,https://www.linkedin.com/in/miguel50,5835,138.84,195.96
"Roth, Bowen and Brooks",Manufacturing,Cheryl Rodriguez,Michael Mitchell,berrylindsay@johnson.net,https://www.linkedin.com/in/christopherwolfe,4771,36.64,20.96
Johnson-Andrews,Manufacturing,Tommy Mason,John Johnson,shanevalenzuela@moore-abbott.com,https://www.linkedin.com/in/uanderson,1873,310.61,266.47
"Perez, Smith and Hammond",Automotive,Brittany Wright,Juan Ray,collierjohn@foster-moore.org,https://www.linkedin.com/in/phyllis08,587,452.01,461.74
"Williams, Sanford and Torres",Information Technology,Patrick Diaz,Lisa Bryan,udavis@petersen.com,https://www.linkedin.com/in/christinecordova,7749,494.44,607.18
"Francis, Caldwell and Cook",Healthcare,Kelly Robinson,John Ortiz,zacharybarron@montoya.com,https://www.linkedin.com/in/thomas24,762,294.32,292.07
"Robinson, Sanchez and Olsen",Information Technology,Mark Collins,Luis Brown,nwilliams@richardson-garner.net,https://www.linkedin.com/in/montgomerymichael,7453,327.58,365.64
"Barr, Murphy and Thomas",Administration,Michael Martin,Eric Watson,osbornandrea@griffin-wilson.com,https://www.linkedin.com/in/mcdonaldsamantha,3831,198.52,256.21
Barker PLC,Education,Jason Freeman,Audrey Austin,rossmichael@ramos.com,https://www.linkedin.com/in/dakota61,6280,238.32,219.51
Simon Group,Automotive,Erika Wood,Patricia Norton,gamblemarco@hernandez.net,https://www.linkedin.com/in/kennedyanthony,4876,204.63,134.48
Moore-Wood,Finance,Courtney Scott,Robert Green,baileymatthew@zimmerman.com,https://www.linkedin.com/in/bsoto,4227,465.79,619.88
"Smith, Pacheco and Ruiz",Finance,Melanie Glover,Sean Mccoy,quinnkathryn@barker.com,https://www.linkedin.com/in/munozcourtney,8404,474.78,284.23
Miller-Brown,Retail,Craig Murray,Carlos Hall,vrogers@carpenter-little.com,https://www.linkedin.com/in/andersonjohnny,2307,172.87,196.43
Frank and Sons,Manufacturing,Rodney Wilson,Carlos Chung,amypoole@campbell.com,https://www.linkedin.com/in/batesscott,3111,116.96,66.41
Stafford-White,Finance,Nancy Molina,Tracy Gomez,peterscrystal@mendez-smith.net,https://www.linkedin.com/in/mscott,8813,457.67,627.6
Galloway-White,Retail,Jodi Hernandez,Ronnie Trevino,robertsdiana@edwards.net,https://www.linkedin.com/in/yolandasmith,5582,121.77,154.25
Johnson-Drake,Manufacturing,Douglas Garner,Beverly Fisher,leonvincent@henderson.com,https://www.linkedin.com/in/denisenichols,8868,311.16,242.41
"Jenkins, Harris and Greer",Automotive,Jason Rocha,Kim Owen,mmarquez@kramer.biz,https://www.linkedin.com/in/cohendylan,8388,72.62,95.88
Allen-Parsons,Administration,Donald Rios,Devin Davidson,valerie27@taylor.com,https://www.linkedin.com/in/angie23,4663,64.63,67.68
Davis-Estrada,Administration,Eric Carson,Michael Moore,barronfelicia@vega-vincent.biz,https://www.linkedin.com/in/robertgutierrez,5571,309.3,408.22
Burch-Becker,Healthcare,Elizabeth Long,Christopher Norris,ggarcia@armstrong.com,https://www.linkedin.com/in/bryan42,9453,305.08,211.63
Cole-Bruce,Human Resources,Rachel Kennedy,Alicia Bradford,ashlee23@carroll.com,https://www.linkedin.com/in/dalton34,7621,157.31,173.86
Yates-Hoffman,Automotive,Michelle Smith,Stephanie Sanders,pnelson@franklin.biz,https://www.linkedin.com/in/justin81,7052,228.03,255.52
Torres Inc,Administration,Sandra Rowe,Grace Nelson,xmaldonado@johnson.net,https://www.linkedin.com/in/kyle85,9878,209.36,147.02
Brooks and Sons,Healthcare,Ann Payne,Alicia Reynolds,zbell@reid.com,https://www.linkedin.com/in/eugene90,5499,437.08,260.59
Price Ltd,Retail,Pam Rodriguez,Jennifer Black,bchristensen@greene.com,https://www.linkedin.com/in/hannah96,3687,365.29,352.97
Silva-Arellano,Human Resources,Judy Glover,Elizabeth Ross,anthonyarnold@cervantes.com,https://www.linkedin.com/in/caroline16,3193,412.94,489.45
Savage-Christian,Healthcare,Wendy Gray,Kevin Sullivan,mstewart@knight.com,https://www.linkedin.com/in/rebecca47,568,74.32,100.58
"Davis, Collins and Johnson",Artificial Intelligence,Jessica Smith,Russell Myers MD,obailey@ford.com,https://www.linkedin.com/in/huntjesus,2356,92.33,64.77
"Dyer, Santiago and Torres",Administration,Chelsea Rodriguez,Sharon Davis,dianamorris@suarez.net,https://www.linkedin.com/in/amypreston,850,479.41,342.6
Pierce Inc,Automotive,Anthony Avila,Brittany Clark,robertcook@dillon-miranda.com,https://www.linkedin.com/in/carolmcdonald,2504,246.27,238.2
Schultz-Gray,Information Technology,Shannon Snyder,William Clark,peter77@strong.net,https://www.linkedin.com/in/luis42,9100,98.19,79.43
Johnson-Elliott,Automotive,Crystal Wright,Heidi Miller,andrewgarza@park-schroeder.info,https://www.linkedin.com/in/lmorgan,2752,437.04,500.74
"Browning, Medina and Lee",Administration,Matthew Perry,Craig Cruz,ngonzalez@lamb.org,https://www.linkedin.com/in/james83,2383,308.81,392.35
"Owen, Gomez and Gilmore",Artificial Intelligence,Kerri Stewart,Theresa Mack,gonzalezcarmen@mata-gutierrez.net,https://www.linkedin.com/in/ubanks,2075,48.97,63.87
"Rodriguez, Davis and Tyler",Manufacturing,Matthew Trujillo,Aaron Cordova,kevinjacobs@taylor.info,https://www.linkedin.com/in/murphylatoya,3560,291.82,309.97
"Moore, Ryan and Carey",Manufacturing,Melissa Alexander,Ronald Mills,mccalljason@dalton.com,https://www.linkedin.com/in/brad56,8587,321.95,393.17
Smith and Sons,Information Technology,Emily Skinner,Kimberly Ryan,mark18@baker-higgins.com,https://www.linkedin.com/in/cory83,8575,420.57,233.04
Oliver-Flores,Manufacturing,Judy Morgan,William Wolfe,kingandrea@lopez.net,https://www.linkedin.com/in/xhuff,2450,208.33,308.46
Jackson-Collins,Education,Stephen Hahn,John Logan,lawsonjessica@pope-perez.com,https://www.linkedin.com/in/douglas07,1800,136.82,144.56
"Bailey, Williams and Ellis",Information Technology,Anthony Flores,Mrs. Karen Levy,scottmonica@lee.com,https://www.linkedin.com/in/anthonykennedy,3709,457.39,342.86
"Meyer, Mcmillan and Henderson",Administration,Melissa Roman,Jack Smith,fbrooks@baker.com,https://www.linkedin.com/in/jamiejensen,8325,332.85,468.62
"Edwards, Gonzalez and Kelly",Human Resources,Valerie Williamson,Meredith Spencer,doughertylinda@grant-johnson.net,https://www.linkedin.com/in/xmcintyre,1545,220.8,298.52
"Gomez, Pennington and Cobb",Manufacturing,Kelly Blankenship,Andrew Brock MD,john56@andersen.org,https://www.linkedin.com/in/anthonygiles,8110,94.09,118.42
"Williams, Hamilton and Barrett",Artificial Intelligence,Douglas Schaefer,Melanie Ellis,silvabeth@lester.com,https://www.linkedin.com/in/jessicawilson,6351,455.37,450.37
"Williams, Lambert and Martin",Information Technology,Sandra Henson,Glenn Powell,ricardo84@ward.com,https://www.linkedin.com/in/gary78,182,125.17,104.09
Robertson-Rollins,Administration,Zachary Robinson,Joseph Evans,larrywelch@palmer.com,https://www.linkedin.com/in/jeremy56,2874,396.71,308.73
Cain PLC,Administration,Melinda Robinson,Christopher Sullivan,james26@burke.com,https://www.linkedin.com/in/richardgarcia,9156,226.33,280.12
Simon PLC,Information Technology,Timothy Moore,Dakota Armstrong,maria61@price.com,https://www.linkedin.com/in/chaddelgado,4888,30.76,22.08
Parker Ltd,Education,Christopher Jimenez,Christy Livingston,rachelgarcia@rich-conway.org,https://www.linkedin.com/in/eromero,9862,359.26,372.61
"Fritz, Oneill and Williamson",Administration,John Johnson,Benjamin Jensen,sandovalamy@howe.net,https://www.linkedin.com/in/brownallison,1115,486.33,680.33
Mcguire PLC,Healthcare,Jacqueline Cole,James Hall,robert74@bonilla.com,https://www.linkedin.com/in/patricia08,7523,443.89,288.05
Harrison-Nelson,Retail,Adam Thomas,Tina Osborne,vwoods@robinson.biz,https://www.linkedin.com/in/austinnichols,7964,188.7,95.62
"Ware, Reyes and White",Information Technology,Victoria Leonard,Matthew Rodriguez,leslie75@mcmahon-landry.org,https://www.linkedin.com/in/ggordon,105,152.49,85.45
Dennis-Wood,Retail,Mary Lewis,Tamara Owens,nathan10@thompson.org,https://www.linkedin.com/in/chloe35,9877,85.55,71.36
"Perez, Johnson and Butler",Manufacturing,Brandon Garcia,Michael Day,duncanmatthew@moore.biz,https://www.linkedin.com/in/davenportjean,6614,231.87,342.73
Holland-Bowman,Manufacturing,Ashley Bentley,Samantha Bartlett,calvin68@jackson.com,https://www.linkedin.com/in/patricia32,6576,379.47,426.47
Mccann-Mason,Retail,Jennifer Summers,Jose Adams,natasharuiz@cummings-johnson.info,https://www.linkedin.com/in/paul72,1390,391.32,248.36
Cuevas and Sons,Finance,Melissa Mosley,James Mcmahon,amason@moore-carney.com,https://www.linkedin.com/in/sandra40,1453,260.63,255.76
Johnson LLC,Automotive,Erica Turner,Joseph Lloyd,kimberlywyatt@perkins.org,https://www.linkedin.com/in/josephgarcia,469,270.55,339.83
Castro-Bowen,Information Technology,Dorothy Spencer,Nicole White,danielfranco@johnson-zuniga.com,https://www.linkedin.com/in/tyler67,4950,80.26,119.95
"Foster, Little and Case",Administration,David Robinson,Darlene Klein,walterssusan@campbell.org,https://www.linkedin.com/in/brian82,3115,404.79,237.57
"Olson, Good and Barr",Automotive,Maurice Jones,Sharon Vincent,ehiggins@white.com,https://www.linkedin.com/in/mclaughlinwhitney,4081,474.11,709.39
"West, Duffy and Lowe",Retail,Crystal Velasquez,Jamie Carter,huntermichael@crawford-young.net,https://www.linkedin.com/in/vmueller,3426,289.33,308.78
"Davis, Phillips and Dillon",Finance,Dakota Sharp MD,Sue Castro,patricia90@jones-ashley.com,https://www.linkedin.com/in/amberashley,5673,224.62,258.12
Martinez and Sons,Manufacturing,Jacqueline Velez,Kimberly Wright,jennifer07@hancock.com,https://www.linkedin.com/in/wanda06,207,122.48,106.59
"Lyons, Smith and Ponce",Healthcare,Lori Harris,David Turner,samuel93@sandoval.com,https://www.linkedin.com/in/ronnie74,8174,492.1,653.15
"Davenport, Williams and Thomas",Finance,Jessica Lyons,Dana Dixon,lstevenson@schroeder.com,https://www.linkedin.com/in/markwheeler,1450,208.39,210.73
Oliver and Sons,Manufacturing,Calvin Ellis,Jeffrey Hill,vdean@martinez.info,https://www.linkedin.com/in/shieldsjoseph,3581,468.22,612.61
Miller-Lawrence,Automotive,Lisa Miller,Patricia Espinoza,ycollins@dominguez.biz,https://www.linkedin.com/in/zoe55,5979,457.13,289.04
"Lee, Ware and Stokes",Retail,Katherine Hunt,Corey Clark,mcdanielkathleen@hart.biz,https://www.linkedin.com/in/gsteele,5307,344.93,354.41
"Calhoun, Parker and Griffith",Administration,Jesse Richardson,Erin Dudley,danielkimberly@barton.net,https://www.linkedin.com/in/carolmontgomery,5170,327.64,295.99
Franklin-Arellano,Human Resources,Philip Larson,Caroline Griffin,julia79@anthony-bowman.com,https://www.linkedin.com/in/welchallison,7354,367.55,308.57
"Thomas, Riddle and Powell",Retail,Angela Duffy,Ryan Cox,hudsonlori@scott-jenkins.org,https://www.linkedin.com/in/fergusonstephanie,3132,122.18,146.76
Andrade and Sons,Information Technology,Jamie Dyer,Karen Malone,marquezchristian@blackwell-jones.com,https://www.linkedin.com/in/georgekevin,948,19.03,26.05
Thompson-Daniels,Retail,Michelle Potter,Brittany Carter,lnelson@higgins-mullins.org,https://www.linkedin.com/in/qcox,8709,407.08,524.96
Montgomery Ltd,Artificial Intelligence,Jonathon Cruz,Mary Porter,rivaslinda@hayes-evans.net,https://www.linkedin.com/in/kathleencarpenter,4724,390.11,377.92
Freeman Inc,Information Technology,Joshua Smith,Caitlin Jones,steven09@miller.net,https://www.linkedin.com/in/georgestewart,6809,145.11,130.08
"Simmons, Castillo and Le",Artificial Intelligence,Denise Welch,Amber Moore,oliviavaughn@torres.com,https://www.linkedin.com/in/krogers,6826,247.64,354.14
Smith-Smith,Automotive,Monica Stewart,Robert Smith,bgibson@wilson.com,https://www.linkedin.com/in/gregory85,8020,361.46,399.07
"Allen, Moore and Hernandez",Finance,Anna Nelson,Christine Harris,tlong@savage.com,https://www.linkedin.com/in/kellyrodriguez,4044,408.46,539.92
Cunningham-Johnson,Artificial Intelligence,Nicole Dunn,Frank Wolf,wilsonteresa@hoffman-smith.org,https://www.linkedin.com/in/washingtontimothy,2234,407.47,396.78
Lopez-Riley,Automotive,Aaron Jensen,Wendy Brown,bobby99@brown-little.org,https://www.linkedin.com/in/hernandezmark,723,374.84,318.77
"Murray, Frank and Fields",Automotive,Miguel Rogers,Catherine Weber,andreacolon@marshall.org,https://www.linkedin.com/in/rossnicole,7211,358.05,403.87
"Lewis, Rhodes and Nelson",Artificial Intelligence,Tammy Wright,Nicole Payne,hpark@rodriguez-harrison.com,https://www.linkedin.com/in/solisdaniel,1449,366.34,473.55
Guerrero Inc,Artificial Intelligence,Mrs. Jill Ortiz,Michelle Dean,robert93@schmitt.com,https://www.linkedin.com/in/staylor,7895,356.53,380.2
Whitaker LLC,Human Resources,Melanie Frazier,Kristin Dalton,jmarks@lopez.info,https://www.linkedin.com/in/johnsondaniel,9540,20.78,27.72
Smith-Wright,Artificial Intelligence,Shannon Singh,John Hale,thomascaldwell@butler.net,https://www.linkedin.com/in/rperez,8479,337.65,336.54
"Russell, Hoffman and Roberts",Automotive,Jay Cohen,Matthew Lowe,steven60@brown-nunez.biz,https://www.linkedin.com/in/bgarcia,3599,37.97,51.99
"Johnson, Anderson and Chavez",Information Technology,Julia Keller,Bryan Mcdonald,kristen10@chan-kim.com,https://www.linkedin.com/in/candacewright,1300,436.71,446.67
Williams-Roberts,Healthcare,Eric Douglas,Donna Henderson,hunterevans@smith.com,https://www.linkedin.com/in/gonzalezrobin,990,367.79,236.87
"Doyle, Reed and Day",Retail,Cody Farley,Karen Brown,sarah65@elliott.com,https://www.linkedin.com/in/davidharding,4958,158.96,82.69
French LLC,Artificial Intelligence,Krystal Bradley,Richard Rodriguez,charlesmcintyre@castillo.org,https://www.linkedin.com/in/pattersonrachel,8148,165.99,246.27
Bell-Hamilton,Artificial Intelligence,Tammy Boyer,Carrie Black,ejones@singh.info,https://www.linkedin.com/in/amygarcia,5602,135.98,146.02
Ward-Scott,Information Technology,Carol Coleman,Michele Villegas MD,veronica36@hull.com,https://www.linkedin.com/in/kellershawn,9545,468.42,604.5
Jackson Ltd,Retail,Joel Pearson,Scott Michael,rodneyhernandez@barton.com,https://www.linkedin.com/in/raguirre,5347,453.12,514.42
Price-Hogan,Human Resources,Sandra Jones,Cheryl Rodriguez,smithchristina@smith.com,https://www.linkedin.com/in/michael00,1685,351.22,442.4
"Villarreal, Perez and Phillips",Education,Mark Martinez,Mark Perry,matthew81@gordon.biz,https://www.linkedin.com/in/jonesjustin,4987,172.34,192.47
Jacobs Ltd,Information Technology,Steven Leonard,John Ramirez,lauren34@olson-mckee.net,https://www.linkedin.com/in/hamiltonchristopher,1633,133.63,154.38
Haney-Washington,Healthcare,Mary Long,Anthony Woods,ckramer@butler.com,https://www.linkedin.com/in/ppatterson,9373,215.19,204.5
Harrell Ltd,Healthcare,Sarah Robinson,Mr. Sean Jackson,edoyle@cisneros-crawford.com,https://www.linkedin.com/in/lorisutton,5395,478.05,559.55
"Cain, Lopez and Morris",Education,Shannon Kirk,Jose Marshall,davisseth@johnson.com,https://www.linkedin.com/in/acole,8540,241.68,350.91
Bishop-Lee,Artificial Intelligence,Paul Page,Sherry Lozano,christopher31@blackwell-robinson.com,https://www.linkedin.com/in/brookevang,9366,75.99,62.07
"Young, Carr and Ruiz",Administration,Mark Maldonado,Amber Singh,derekcastro@cooke.com,https://www.linkedin.com/in/brucerowland,1539,482.06,710.73
Martin Group,Information Technology,Pamela Randall,Jesse Thompson,nhorne@lutz-green.com,https://www.linkedin.com/in/schroederrobin,2753,161.22,100.74
Hayes Ltd,Manufacturing,John Garcia,Taylor Barron,nruiz@white.com,https://www.linkedin.com/in/emily17,6464,446.43,409.56
Wood-Mcguire,Administration,Julie Romero,Craig Rodriguez,xramos@vargas.net,https://www.linkedin.com/in/ssims,2727,431.27,403.46
Smith Group,Retail,Carlos Baldwin,Elizabeth Lee,eatoncolleen@king.com,https://www.linkedin.com/in/sean19,9718,343.56,342.62
Porter Ltd,Artificial Intelligence,Jeffrey Smith,Patricia Adkins,ecook@garcia.org,https://www.linkedin.com/in/emilyadams,4675,375.73,258.49
"Vega, Russell and Garcia",Administration,Matthew Mccullough,Julie Garcia,nrogers@bauer-kennedy.org,https://www.linkedin.com/in/jasmine03,502,377.4,297.36
"Wolfe, Young and Key",Human Resources,Steven Farrell,Daniel Vasquez,kennethbarron@ramos.com,https://www.linkedin.com/in/troy52,9035,243.11,206.51
"Manning, Christensen and Hernandez",Administration,Ashley Hess,Matthew Parker,jennifer48@potter.com,https://www.linkedin.com/in/jodihuynh,4263,85.99,98.46
King-Johnson,Manufacturing,Robert Moore,Carlos Floyd,lauren92@wade.com,https://www.linkedin.com/in/amanda98,746,270.96,275.38
"Stark, Thomas and Mcintyre",Healthcare,Mary Olson,Jason Brady,crystal35@hunter-haney.com,https://www.linkedin.com/in/elizabethhardy,5951,107.67,80.81
Brooks-Cain,Information Technology,Theodore White,Stephanie Blanchard,danielmedina@wiley.com,https://www.linkedin.com/in/michellejones,6567,407.29,408.48
"Hodges, Powell and Howard",Administration,Sydney Terrell,James Lopez,vazquezjohn@barrett.com,https://www.linkedin.com/in/anthony51,1450,360.11,441.27
"Montgomery, Fitzpatrick and Green",Administration,Daniel Duarte,Jessica Becker,pagekevin@jordan.org,https://www.linkedin.com/in/tiffany37,4391,373.72,443.56
"Smith, Olsen and Hall",Manufacturing,Claire Blankenship,Margaret Cox,qwallace@baker-perez.com,https://www.linkedin.com/in/sheryl09,9703,321.53,380.51
Jones-Gray,Finance,Kathleen Warner,Meghan Shepard,patricia45@scott.com,https://www.linkedin.com/in/hfreeman,8367,443.43,366.2
Phelps-Bennett,Administration,Jasmin Parker,Krista Richardson,smallbridget@lopez-cline.org,https://www.linkedin.com/in/chrisperez,1047,440.24,389.92
Lewis-Duran,Human Resources,Tiffany Owens,Jacob Meyer,holly49@mercado.org,https://www.linkedin.com/in/jennifer11,3030,150.83,165.78
"Gray, Torres and Wiggins",Education,Terry Ochoa,Timothy Wright,phamlinda@armstrong-walton.com,https://www.linkedin.com/in/woodjermaine,3900,299.43,185.64
Meyer-Frey,Retail,Mr. Robert Cannon,Lisa Rios,isaiah62@ferguson.com,https://www.linkedin.com/in/mcguirevictoria,4336,479.44,350.71
Wallace-Schmidt,Retail,Tonya Hernandez,Patty Hughes,mclark@oconnell.info,https://www.linkedin.com/in/tyler05,2912,307.12,159.3
Lawrence-Evans,Retail,Patrick Wood,Melissa Humphrey,fergusonshelley@torres.com,https://www.linkedin.com/in/jessicatorres,8850,447.0,640.09
"Le, Huff and Charles",Education,Matthew Thomas,Gabriel Powers,fisherkenneth@herrera.com,https://www.linkedin.com/in/jessica91,3407,295.09,227.87
"Frost, Brooks and Hinton",Finance,Latoya Garcia,Briana Flores,danielpowers@waters.com,https://www.linkedin.com/in/larry94,2009,108.33,132.32
"Fletcher, Gonzalez and Hardy",Finance,Hunter Jackson,Vanessa Black,davidsonmichael@harrison.org,https://www.linkedin.com/in/dwilliams,7856,211.33,115.13
"Mcdonald, Wilson and Roberts",Information Technology,Mary Tyler,Juan Clark,cynthiawalker@gonzales-moss.biz,https://www.linkedin.com/in/xmason,2421,489.18,515.48
Craig-Johns,Artificial Intelligence,Robin Montgomery,Clarence Hansen,rasmussenjeffrey@hester-bailey.org,https://www.linkedin.com/in/michael99,154,269.1,350.8
Arnold-Marshall,Artificial Intelligence,Frank Vazquez,Matthew Gomez,dmcgee@ortiz-collins.com,https://www.linkedin.com/in/stephanievasquez,9092,225.21,168.84
"Brown, Castaneda and Turner",Finance,Ashley Wilkinson,Paul Long,jessicamercer@wade.org,https://www.linkedin.com/in/laura28,8725,177.6,114.25
"Parker, Farmer and Mccormick",Human Resources,Charles Moreno,Jessica Jenkins,matthew05@cruz-hooper.com,https://www.linkedin.com/in/rebecca22,9580,293.56,204.02
Scott-Stewart,Automotive,Kaitlyn Fischer,Donald Barber,robert98@williams-wood.com,https://www.linkedin.com/in/greentroy,7129,67.46,62.99
Wyatt-Dunn,Education,Megan Morgan,Michelle Moore DDS,nealbarbara@diaz-moss.biz,https://www.linkedin.com/in/murphyruth,3363,143.94,163.66
Wheeler-Santana,Human Resources,Jessica Walker,Shannon Butler,blackeric@russell.com,https://www.linkedin.com/in/ukeller,3626,442.35,232.54
"Hill, Moon and Howell",Information Technology,Dennis Rodriguez,Eric Barnes,jessicamartinez@smith.com,https://www.linkedin.com/in/adam92,8106,320.16,187.33
Davenport-Vazquez,Automotive,Alexis Collier,Barbara Castillo,abarr@arnold-cummings.net,https://www.linkedin.com/in/jenniferaguilar,9330,258.75,305.61
"Riley, Sharp and Sanders",Human Resources,Dana Johnson,Jay Spencer,williamskimberly@black.info,https://www.linkedin.com/in/fmeadows,5371,376.44,508.45
Hughes-Cox,Information Technology,Carl Douglas,Sean Esparza Jr.,cheyenne49@gomez-edwards.com,https://www.linkedin.com/in/troytucker,2418,94.45,83.1
Lin Inc,Administration,Bradley Le,Anthony Hall,christensennicole@williams.org,https://www.linkedin.com/in/luke73,3286,386.29,249.51
Rivers Ltd,Healthcare,Jennifer Campbell,Colleen Frank,beckywilson@nelson-oliver.com,https://www.linkedin.com/in/bradleyperez,1715,324.52,173.33
Williams PLC,Healthcare,Amy Brady,Julia Brewer,breanna99@powell-james.com,https://www.linkedin.com/in/yvonne43,8767,161.86,88.24
Williamson-Richards,Human Resources,Nathaniel Kim,Christopher Howard,christopherfrank@oconnell.biz,https://www.linkedin.com/in/brenda30,5669,136.35,96.39
Jones-Reed,Information Technology,Sara Richardson,Heidi Williams,kiarahamilton@chambers.net,https://www.linkedin.com/in/krojas,2983,151.14,86.99
Cooper-Navarro,Artificial Intelligence,Karen Byrd,Laurie Taylor,brittany55@howell.biz,https://www.linkedin.com/in/qjohnson,4324,269.03,366.89
Dillon Inc,Manufacturing,Kevin Anthony,Joshua Johnson,ashleyhampton@buck.info,https://www.linkedin.com/in/samuel26,4256,281.01,288.56
"Griffin, Harding and Taylor",Education,Christina Gardner,Mr. Christopher Blair,gking@garcia.net,https://www.linkedin.com/in/keith12,3705,443.9,274.09
"Rodgers, Barr and Foster",Administration,Jade Taylor,Maria Henson,nicholas82@huffman.net,https://www.linkedin.com/in/brittanygardner,1525,259.4,273.67
"Hernandez, Aguilar and Campbell",Manufacturing,Brittany Newman,Mark Smith,sean42@jones-cruz.com,https://www.linkedin.com/in/heatheroneal,2642,150.55,163.49
"Sims, Arnold and Rodriguez",Education,Keith Wood,Brian Young,tina07@salas.com,https://www.linkedin.com/in/faulknerthomas,2565,135.63,153.94
James PLC,Automotive,Adam Osborne,Lindsay Gonzalez,christina30@robinson-mendez.net,https://www.linkedin.com/in/jennifergilbert,7575,108.26,109.03
"Banks, Alvarez and Williams",Manufacturing,Shane Rodriguez,Christina Kim,michaelgreene@short.com,https://www.linkedin.com/in/lgarner,2051,82.61,95.07
Patterson-Ortiz,Education,Derek Flynn,Stephanie Morales,katie25@moran.biz,https://www.linkedin.com/in/amanda62,5898,400.33,531.5
"Rogers, Espinoza and Foster",Information Technology,Andrea Pollard,Mary Long,scottelizabeth@scott.net,https://www.linkedin.com/in/jacob86,9297,273.33,213.75
"Chase, Richardson and Thomas",Retail,Lee Wiley,John Caldwell,terrijohns@mckinney-thomas.net,https://www.linkedin.com/in/timothy34,1398,81.22,61.72
Saunders Inc,Automotive,Debbie Anderson,Deborah Hill,jlowe@eaton.com,https://www.linkedin.com/in/kjohnson,1526,178.25,229.82
Gonzalez-Huynh,Healthcare,Hannah Pierce,Douglas Stanley,williamskyle@zimmerman-johnson.com,https://www.linkedin.com/in/brandi91,9267,494.64,587.5
Curry-Medina,Artificial Intelligence,Todd Vargas,Christina Hernandez,lawrencelivingston@valdez.com,https://www.linkedin.com/in/mclaughlincraig,8133,51.78,50.31
Bailey-Reed,Finance,Bridget West,Elizabeth Blair,georgefernandez@castro.com,https://www.linkedin.com/in/uwalker,5458,441.46,659.01
Black Inc,Healthcare,Cassandra Mendoza,Jonathan Thornton,davidburgess@mcmahon.com,https://www.linkedin.com/in/edwardlee,6890,376.06,359.87
Rodriguez-Lloyd,Healthcare,Kelly Smith,Christopher Carey,steven82@stevenson.com,https://www.linkedin.com/in/rogermeyer,5962,74.12,96.75
"Crawford, Thomas and Newton",Automotive,Lindsay Wang,Tracy Hodge,jwarren@kennedy-pierce.net,https://www.linkedin.com/in/hespinoza,9567,55.98,83.82
Baker Group,Education,Melissa Simpson,Laura Frey,amanda19@smith.com,https://www.linkedin.com/in/macdonaldzachary,2592,350.74,326.4
"Lloyd, Turner and Davis",Artificial Intelligence,David Green,Nancy Johns DVM,nataliewalker@harris.com,https://www.linkedin.com/in/andrea37,2850,159.94,218.87
"Wells, Macias and Sullivan",Retail,Kim Rangel,David Hall,brownashley@brown.net,https://www.linkedin.com/in/laura38,80,340.37,422.91
Sanders-Williams,Automotive,Caitlin Castro,Andrea Harris,gabrielsullivan@odom.com,https://www.linkedin.com/in/samuelgonzalez,9001,342.81,507.86
White Ltd,Information Technology,Alexander Garcia,Dr. Jonathan Greene MD,douglas65@preston-hall.com,https://www.linkedin.com/in/ukim,7045,205.75,200.22
"Castillo, Khan and Hill",Manufacturing,Brian Garcia,Douglas Harris,susan32@paul-jackson.com,https://www.linkedin.com/in/alyssamendoza,9621,426.04,633.49
"Cook, Wright and Paul",Retail,Jeffrey Williams,Kenneth Porter,brentgraves@buchanan-brown.com,https://www.linkedin.com/in/jodybradshaw,5532,387.41,251.1
"Lloyd, Reeves and Cabrera",Retail,Chloe Green,Justin Nielsen,johnsonjonathan@washington.biz,https://www.linkedin.com/in/bglenn,684,269.39,180.4
"Pena, Gonzalez and Johnson",Finance,Tammy Marshall,Eugene Rhodes,morganrush@pratt-parker.net,https://www.linkedin.com/in/gnelson,5998,100.83,147.4
Contreras-Estrada,Manufacturing,Rodney English,Ricardo Lee,sheltonevan@phillips-cole.com,https://www.linkedin.com/in/melissa71,5361,239.22,212.13
"Kramer, Perez and Williams",Human Resources,Andre Gilbert,Mark Yang,anthony32@oneill.net,https://www.linkedin.com/in/alexagrant,486,392.63,427.78
"Lewis, Parks and Hernandez",Administration,Catherine Hart,Michelle Simmons,jjones@reese-martin.org,https://www.linkedin.com/in/brandon76,5079,468.11,386.42
Small-Valentine,Healthcare,Mary Mason,James Lara,russellcaitlin@love.org,https://www.linkedin.com/in/alexander09,4139,478.22,461.44
Jenkins-Lambert,Finance,Alyssa Gallegos,Brooke Morris,zacharygoodwin@dalton.com,https://www.linkedin.com/in/copelandlaura,3923,485.92,577.4
Bush-Mcgrath,Information Technology,Jared Morrison,Christopher Bruce,ronald08@thomas.net,https://www.linkedin.com/in/joshuanelson,6088,154.19,122.98
"Perez, Norris and Johnson",Education,Joshua Kane,David Taylor,kyliewalker@campbell-taylor.com,https://www.linkedin.com/in/dominguezlauren,5555,279.51,179.98
Cunningham LLC,Administration,Franklin Johnson,Sherri Willis,christopher01@lopez.net,https://www.linkedin.com/in/joshuadean,1750,413.59,459.97
Wilson PLC,Automotive,Christian Duran,Julie Alexander,michaelmoore@lambert-stanton.info,https://www.linkedin.com/in/davidwilliams,5426,448.53,539.78
Shannon-Jones,Administration,John Garcia,Jimmy Barnes,john70@smith-marsh.com,https://www.linkedin.com/in/iadams,7138,13.24,16.71
Murphy Group,Artificial Intelligence,Adam Hodges,Ryan Hayes,enoble@olson-hicks.com,https://www.linkedin.com/in/cruztravis,6813,152.49,174.96
"Williams, Romero and Davis",Human Resources,Christina Frazier,Mr. Michael Taylor,mary98@sanchez.biz,https://www.linkedin.com/in/cruzmelissa,4827,18.76,27.76
Wagner-Wells,Manufacturing,Stacey Hanson,Christopher Garner,millermichael@schultz.com,https://www.linkedin.com/in/emily70,5975,118.38,113.04
Hall-Singh,Manufacturing,William Brown MD,Charlene Mendoza,john41@gillespie.com,https://www.linkedin.com/in/holly42,8155,394.62,374.94
"Massey, Williams and Arias",Retail,Christopher Alvarez,John Mcdowell,zachary37@mccarthy.com,https://www.linkedin.com/in/cynthia13,7725,258.94,347.71
Lawson Group,Administration,Richard Hammond,Joseph Boyd,jordantorres@lambert-moran.net,https://www.linkedin.com/in/ojones,6804,150.55,127.85
Neal Group,Administration,William Bishop,Steven Jordan,edwardsjeffrey@torres.net,https://www.linkedin.com/in/william57,9856,106.7,59.14
Khan-Stewart,Education,Lindsey Hansen,Travis Roberts,terrimiller@nichols.com,https://www.linkedin.com/in/william62,1246,453.33,660.28
Riley-Roberts,Administration,Christopher Acevedo,Lisa Morris,stacystanley@farrell.com,https://www.linkedin.com/in/riggssamuel,4506,391.27,358.38
Lee-Flores,Finance,Amanda Nguyen,Victoria Williams,yorkjeffrey@davis.net,https://www.linkedin.com/in/kyleedwards,5665,405.57,561.17
"Oneill, Miller and Reed",Finance,Michelle Herring,Kristen Rodriguez,akramer@davis.com,https://www.linkedin.com/in/josephandrew,617,377.9,402.8
Lopez-Hunter,Information Technology,Dennis Smith,Danny Austin,reidbenjamin@goodman-logan.com,https://www.linkedin.com/in/karenperez,5740,347.26,370.07
Phillips PLC,Manufacturing,Phillip Clayton,Samuel Holland,bhawkins@sullivan.com,https://www.linkedin.com/in/rossjoshua,476,435.01,220.72
"Martinez, Flores and Terry",Manufacturing,Paul Patterson,Aaron Pace,susan53@gordon-villanueva.com,https://www.linkedin.com/in/traciwright,2068,103.02,97.75
White-Castro,Manufacturing,Monica Taylor,James Smith,monica37@wilson.com,https://www.linkedin.com/in/denise51,4968,138.27,133.93
"Rivera, Gutierrez and Roth",Finance,Mitchell Frank,Dylan Miller,pbaker@hernandez.com,https://www.linkedin.com/in/jordanthomas,8678,102.55,77.4
Wilson LLC,Manufacturing,Nancy Gibson,Melinda Wagner,dtanner@english.info,https://www.linkedin.com/in/mtorres,4998,65.85,55.75
"Anderson, Graham and Medina",Administration,Antonio Morgan,William Taylor,evanshunter@vaughan.org,https://www.linkedin.com/in/devin89,3343,52.74,66.31
Gonzalez PLC,Information Technology,Brett Powers,Gregory Miller,fisherpatricia@castro-foster.info,https://www.linkedin.com/in/taylorbrandon,5297,241.45,283.28
Watkins-Cross,Automotive,Amanda Perkins,Stacy Pollard,deleonsandra@houston-gordon.com,https://www.linkedin.com/in/wwilliams,7559,113.88,166.63
Rodriguez-Miller,Automotive,William Cohen,Erin Mata,kneal@robbins.com,https://www.linkedin.com/in/gregorybaker,4255,289.86,409.35
"Daniels, Wilson and Erickson",Information Technology,Melissa Brewer,Adrienne Robinson,williammurphy@salas-mitchell.org,https://www.linkedin.com/in/jennifer90,1373,319.86,277.38
Quinn PLC,Human Resources,Bradley Jacobs,Holly Brooks,lindanichols@hutchinson.com,https://www.linkedin.com/in/stacy58,861,180.26,186.39
Logan LLC,Administration,Gail Smith,David Green,rickyjohnson@wagner-austin.com,https://www.linkedin.com/in/stacybrewer,8815,220.25,287.66
Anderson Group,Information Technology,Dennis Lee,Bryan Ramirez,stevenstyrone@vaughan.com,https://www.linkedin.com/in/mwilson,8720,37.08,40.67
Wallace-Keller,Manufacturing,Brooke Melendez,Jesse Conrad,dcortez@campbell.net,https://www.linkedin.com/in/lindacherry,6295,167.5,223.32
"Rogers, West and Elliott",Education,Daniel Hopkins,Tiffany Schmidt,austintorres@martinez.com,https://www.linkedin.com/in/davisryan,7817,226.02,188.71
Willis Group,Manufacturing,Drew Hess,Shannon Herrera,matthew75@morales.com,https://www.linkedin.com/in/laurenwilliams,4927,46.6,59.86
"Watts, Moore and Hodges",Healthcare,Karla Morrow,Kelly Fowler,deanna06@hill-fisher.org,https://www.linkedin.com/in/vjordan,7998,486.49,280.11
Martinez-Graves,Information Technology,Mark Solis,Christine Hunt,robert11@carpenter.net,https://www.linkedin.com/in/wgriffith,4015,242.82,139.46
"Hart, Fuller and Andrews",Healthcare,Alex Young,Cory Gonzalez,flove@gibson.com,https://www.linkedin.com/in/nixonkevin,8240,299.51,236.23
Sullivan-Robertson,Automotive,Julia Willis,Paula Lee,robersonnancy@sharp.org,https://www.linkedin.com/in/danielwood,6123,260.9,255.02
Parker-Richards,Education,Robert Michael,Jessica Morrison,robert53@gardner.biz,https://www.linkedin.com/in/patriciaevans,5327,347.94,320.1
"Ferguson, Jacobson and Spence",Information Technology,Jorge Curry,David Smith,frodriguez@daniels-perez.com,https://www.linkedin.com/in/poncecraig,2287,273.84,209.52
Price Ltd,Finance,Charles Gomez,Michael Rodriguez,juan65@duran.info,https://www.linkedin.com/in/judithsanders,7205,95.38,124.85
"Campbell, Parker and Padilla",Retail,Brenda Brady,Ryan Cannon,zwebb@little-phillips.com,https://www.linkedin.com/in/sarahbowen,191,17.89,13.54
Garcia-Swanson,Human Resources,David Smith,Cindy Smith,vritter@steele.com,https://www.linkedin.com/in/moyerbobby,2436,293.77,425.02
Ortiz-Waller,Education,Ann Alexander,Vicki Gordon,littleadrian@wood.biz,https://www.linkedin.com/in/angel86,147,274.59,354.46
Thomas Ltd,Artificial Intelligence,Heather Thompson,Mrs. Melinda Ortega,maryjohnson@wilson.info,https://www.linkedin.com/in/kelly08,7808,429.81,424.72
Gallagher Inc,Automotive,Robert Murphy,Elizabeth Garcia,hfletcher@harris.com,https://www.linkedin.com/in/joephillips,8507,149.36,126.2
Lopez-Williams,Information Technology,Kari Brown,Scott Powell,wgarrison@hines-hamilton.com,https://www.linkedin.com/in/amysmith,8163,234.0,180.39
Webb-Smith,Automotive,Gabriel Wilson,Katrina Kirk,jaustin@anderson.com,https://www.linkedin.com/in/christopheredwards,9501,420.74,606.28
"Barnes, Hall and Morrison",Retail,Mark May,Robert Frost,omayer@kelley.com,https://www.linkedin.com/in/wsimpson,1517,152.69,128.24
Rogers LLC,Manufacturing,James Brooks,Christian Rosario,esmith@frederick-roberson.com,https://www.linkedin.com/in/martinjimmy,2729,304.0,374.16
Bailey LLC,Healthcare,Amanda Simpson,Michelle Miller,clynn@baird.com,https://www.linkedin.com/in/baileymallory,5282,158.63,97.21
Wallace-Ryan,Manufacturing,Gregory Brown,Alexander Callahan,rchavez@mcintosh.net,https://www.linkedin.com/in/stoneerica,6582,123.59,155.34
Garcia-Wood,Automotive,Brittany Clark,Maureen Molina,ryan99@williams.com,https://www.linkedin.com/in/jeffreycurtis,8098,178.04,255.99
"Bradley, Smith and Snyder",Retail,Diana Hamilton,Stephanie Harrington,hallsusan@stokes.com,https://www.linkedin.com/in/hstone,8696,325.42,450.66
Smith-Cuevas,Artificial Intelligence,Ann Taylor,Phillip Cooper,nicole69@morris.com,https://www.linkedin.com/in/mcdowellsamuel,4678,405.06,514.87
"Gilbert, Pham and Lane",Human Resources,Michael Hernandez,Alexis Harris,richardstewart@lee.com,https://www.linkedin.com/in/morgantaylor,7263,249.93,292.14
Copeland Ltd,Human Resources,Zachary Morrison,Danielle Sanchez,padillamiguel@lam.info,https://www.linkedin.com/in/davidwallace,3506,292.19,176.7
"Watson, Hubbard and Martinez",Automotive,Larry Navarro,Maria Robinson,michael78@rodriguez.com,https://www.linkedin.com/in/jessicawilliams,7161,275.46,144.19
Garrett-Evans,Retail,William Harris,Erika Hansen,nicholeperez@jefferson-carter.com,https://www.linkedin.com/in/lindsey34,5310,489.95,694.26
"Kidd, Brown and Martin",Administration,Jared Higgins,Michael Davis,rachel72@lopez.info,https://www.linkedin.com/in/tara54,3692,16.88,17.66
Patel Ltd,Artificial Intelligence,Adam Adams,Paul Lewis,david95@rose.com,https://www.linkedin.com/in/brownnicholas,8310,239.38,261.5
